YEAR,SIGUNGU_NM,PERVIOUS_AREA_M2,IMPERVIOUS_AREA_M2,TOTAL_AREA_M2,IMPERVIOUS_RATIO
2000,강남구,12936632.07,26521145.33,39457777.4,67.214
2001,강남구,13035849.73,26421927.72,39457777.46,66.9625
2002,강남구,13135067.4,26322710.12,39457777.52,66.7111
2003,강남구,13234285.06,26223492.52,39457777.58,66.4596
2004,강남구,13333502.72,26124274.91,39457777.64,66.2082
2005,강남구,13432720.39,26025057.31,39457777.7,65.9567
2006,강남구,13531938.05,25925839.7,39457777.75,65.7053
2007,강남구,13631155.72,25826622.1,39457777.81,65.4538
2008,강남구,13531315.92,25926461.87,39457777.8,65.7068
2009,강남구,13431476.13,26026301.65,39457777.78,65.9599
2010,강남구,13590663.52,25867114.29,39457777.81,65.5564
2011,강남구,13749850.92,25707926.92,39457777.84,65.153
2012,강남구,13909038.31,25548739.56,39457777.87,64.7496
2013,강남구,14068225.71,25389552.2,39457777.91,64.3461
2014,강남구,17575728.53,21882049.25,39457777.77,55.4569
2015,강남구,17119481.09,22338296.69,39457777.77,56.6132
2016,강남구,16663233.64,22794544.13,39457777.77,57.7695
2017,강남구,16206986.2,23250791.57,39457777.77,58.9258
2018,강남구,15750738.76,23707039.01,39457777.77,60.082
2019,강남구,17323967.53,22133810.23,39457777.76,56.0949
2020,강남구,17031270.18,22426508.34,39457778.52,56.8367
2021,강남구,17493251.87,21964525.89,39457777.76,55.6659
2022,강남구,17368709.32,22089068.25,39457777.57,55.9815
2023,강남구,17122168.56,22335609.22,39457777.77,56.6064
2024,강남구,17010658.11,22447119.67,39457777.77,56.889
2000,강동구,10170855.96,14367011.68,24537867.64,58.5504
2001,강동구,10181719.2,14356148.45,24537867.65,58.5061
2002,강동구,10192582.43,14345285.22,24537867.65,58.4618
2003,강동구,10203445.67,14334421.99,24537867.65,58.4176
2004,강동구,10214308.9,14323558.75,24537867.65,58.3733
2005,강동구,10225172.13,14312695.52,24537867.66,58.329
2006,강동구,10236035.37,14301832.29,24537867.66,58.2847
2007,강동구,10246898.6,14290969.06,24537867.66,58.2405
2008,강동구,9717249.95,14820617.68,24537867.63,60.399
2009,강동구,9187601.31,15350266.3,24537867.61,62.5575
2010,강동구,9179532.06,15358335.62,24537867.68,62.5903
2011,강동구,9171462.8,15366404.94,24537867.75,62.6232
2012,강동구,9163393.55,15374474.26,24537867.82,62.6561
2013,강동구,9155324.3,15382543.58,24537867.88,62.689
2014,강동구,11374941.86,13162925.82,24537867.68,53.6433
2015,강동구,11129927.38,13407940.3,24537867.67,54.6418
2016,강동구,10884912.89,13652954.77,24537867.66,55.6403
2017,강동구,10639898.41,13897969.25,24537867.65,56.6389
2018,강동구,10394883.92,14142983.72,24537867.64,57.6374
2019,강동구,12032622.06,12505245.58,24537867.64,50.963
2020,강동구,11996058.55,12541809.11,24537867.66,51.1121
2021,강동구,11755606.97,12782260.67,24537867.64,52.092
2022,강동구,11611824.37,12926043.27,24537867.64,52.6779
2023,강동구,11006112.39,13531755.25,24537867.64,55.1464
2024,강동구,11273380.32,13264487.32,24537867.64,54.0572
2000,강북구,13949367.63,9671220.74,23620588.37,40.944
2001,강북구,13963506.38,9657082.01,23620588.38,40.8842
2002,강북구,13977645.12,9642943.28,23620588.39,40.8243
2003,강북구,13991783.86,9628804.54,23620588.4,40.7645
2004,강북구,14005922.6,9614665.81,23620588.42,40.7046
2005,강북구,14020061.34,9600527.08,23620588.43,40.6447
2006,강북구,14034200.09,9586388.35,23620588.44,40.5849
2007,강북구,14048338.83,9572249.62,23620588.45,40.525
2008,강북구,14221434.78,9399153.7,23620588.48,39.7922
2009,강북구,14394530.73,9226057.78,23620588.51,39.0594
2010,강북구,14273398.2,9347190.29,23620588.49,39.5722
2011,강북구,14152265.67,9468322.8,23620588.47,40.085
2012,강북구,14031133.14,9589455.31,23620588.45,40.5979
2013,강북구,13910000.61,9710587.82,23620588.43,41.1107
2014,강북구,14822400.12,8798188.25,23620588.37,37.248
2015,강북구,14714763.68,8905824.69,23620588.37,37.7037
2016,강북구,14607127.24,9013461.13,23620588.37,38.1593
2017,강북구,14499490.8,9121097.57,23620588.37,38.615
2018,강북구,14391854.36,9228734.01,23620588.37,39.0707
2019,강북구,14761351.82,8859236.55,23620588.37,37.5064
2020,강북구,14811635.13,8808952.91,23620588.05,37.2935
2021,강북구,14742424.48,8878163.89,23620588.37,37.5865
2022,강북구,14804281.99,8816306.38,23620588.37,37.3247
2023,강북구,14673057.19,8947531.23,23620588.43,37.8802
2024,강북구,14679254.79,8941333.58,23620588.37,37.854
2000,강서구,18823075.51,22604151.97,41427227.48,54.5635
2001,강서구,18899088.8,22528142.88,41427231.67,54.38
2002,강서구,18975102.08,22452133.78,41427235.86,54.1966
2003,강서구,19051115.37,22376124.69,41427240.06,54.0131
2004,강서구,19127128.65,22300115.6,41427244.25,53.8296
2005,강서구,19203141.93,22224106.5,41427248.44,53.6461
2006,강서구,19279155.22,22148097.41,41427252.63,53.4626
2007,강서구,19355168.5,22072088.32,41427256.82,53.2791
2008,강서구,19515855.37,21945505.94,41461361.31,52.93
2009,강서구,19676542.24,21818923.57,41495465.8,52.5815
2010,강서구,19962001.41,21516412.12,41478413.53,51.8738
2011,강서구,20247460.57,21213900.68,41461361.26,51.1655
2012,강서구,20532919.74,20911389.24,41444308.98,50.4566
2013,강서구,20818378.91,20608877.8,41427256.71,49.7471
2014,강서구,21634053.82,19793203.0,41427256.82,47.7782
2015,강서구,21536386.3,19890870.52,41427256.82,48.014
2016,강서구,21438718.79,19988538.03,41427256.82,48.2497
2017,강서구,21341051.28,20086205.54,41427256.82,48.4855
2018,강서구,21243383.76,20183873.06,41427256.82,48.7212
2019,강서구,20101881.9,21325374.92,41427256.82,51.4767
2020,강서구,20124113.04,21303143.78,41427256.82,51.423
2021,강서구,20139211.94,21288044.88,41427256.82,51.3866
2022,강서구,20013507.81,21413749.01,41427256.82,51.69
2023,강서구,22265588.97,19161667.85,41427256.82,46.2538
2024,강서구,20452107.51,20975149.3,41427256.82,50.6313
2000,관악구,14641117.66,14922102.51,29563220.17,50.4752
2001,관악구,14745309.3,14817910.87,29563220.17,50.1228
2002,관악구,14849500.93,14713719.23,29563220.17,49.7704
2003,관악구,14953692.57,14609527.6,29563220.17,49.4179
2004,관악구,15057884.21,14505335.96,29563220.17,49.0655
2005,관악구,15162075.85,14401144.32,29563220.17,48.713
2006,관악구,15266267.48,14296952.68,29563220.16,48.3606
2007,관악구,15370459.12,14192761.04,29563220.16,48.0082
2008,관악구,15621669.03,13941551.13,29563220.16,47.1584
2009,관악구,15872878.95,13690341.22,29563220.16,46.3087
2010,관악구,15947786.21,13615433.95,29563220.16,46.0553
2011,관악구,16022693.47,13540526.69,29563220.16,45.8019
2012,관악구,16097600.73,13465619.43,29563220.16,45.5486
2013,관악구,16172508.0,13390712.17,29563220.16,45.2952
2014,관악구,17135067.56,12428152.6,29563220.16,42.0392
2015,관악구,16990383.4,12572836.76,29563220.16,42.5286
2016,관악구,16845699.24,12717520.92,29563220.16,43.0181
2017,관악구,16701015.08,12862205.08,29563220.16,43.5075
2018,관악구,16556330.92,13006889.24,29563220.16,43.9969
2019,관악구,17111119.0,12452101.16,29563220.16,42.1202
2020,관악구,17116214.76,12447005.4,29563220.16,42.103
2021,관악구,17042692.15,12520528.01,29563220.16,42.3517
2022,관악구,17068317.51,12494902.65,29563220.16,42.265
2023,관악구,16996111.79,12567108.38,29563220.16,42.5093
2024,관악구,17021905.1,12541315.06,29563220.16,42.422
2000,광진구,5558321.48,11477609.71,17035931.19,67.373
2001,광진구,5559820.78,11476110.41,17035931.19,67.3642
2002,광진구,5561320.09,11474611.1,17035931.19,67.3554
2003,광진구,5562819.4,11473111.79,17035931.19,67.3465
2004,광진구,5564318.7,11471612.49,17035931.19,67.3377
2005,광진구,5565818.01,11470113.18,17035931.19,67.3289
2006,광진구,5567317.31,11468613.88,17035931.19,67.3201
2007,광진구,5568816.62,11467114.57,17035931.19,67.3113
2008,광진구,5582295.51,11453635.68,17035931.19,67.2322
2009,광진구,5595774.4,11440156.79,17035931.19,67.1531
2010,광진구,5668297.31,11367633.93,17035931.24,66.7274
2011,광진구,5740820.21,11295111.08,17035931.29,66.3017
2012,광진구,5813343.11,11222588.23,17035931.34,65.876
2013,광진구,5885866.01,11150065.38,17035931.4,65.4503
2014,광진구,6446918.11,10589013.08,17035931.19,62.1569
2015,광진구,6421548.62,10614382.57,17035931.19,62.3059
2016,광진구,6396179.14,10639752.05,17035931.19,62.4548
2017,광진구,6370809.65,10665121.54,17035931.19,62.6037
2018,광진구,6345440.16,10690491.03,17035931.19,62.7526
2019,광진구,6476489.07,10559442.12,17035931.19,61.9834
2020,광진구,6440977.5,10594953.77,17035931.27,62.1918
2021,광진구,6466772.13,10569159.06,17035931.19,62.0404
2022,광진구,6576604.32,10459326.87,17035931.19,61.3957
2023,광진구,6220225.3,10815705.89,17035931.19,63.4876
2024,광진구,6246743.5,10789187.69,17035931.19,63.332
2000,구로구,5481527.89,14601832.88,20083360.77,72.7061
2001,구로구,5635447.01,14447913.76,20083360.77,71.9397
2002,구로구,5789366.13,14293994.64,20083360.77,71.1733
2003,구로구,5943285.26,14140075.52,20083360.77,70.4069
2004,구로구,6097204.38,13986156.39,20083360.77,69.6405
2005,구로구,6251123.5,13832237.27,20083360.77,68.8741
2006,구로구,6405042.62,13678318.15,20083360.77,68.1077
2007,구로구,6558961.74,13524399.03,20083360.77,67.3413
2008,구로구,6650412.38,13686345.33,20336757.72,67.2986
2009,구로구,6741863.03,13848291.64,20590154.66,67.2569
2010,구로구,6728887.68,13734568.51,20463456.19,67.1175
2011,구로구,6715912.34,13620845.38,20336757.72,66.9765
2012,구로구,6702936.99,13507122.26,20210059.25,66.8337
2013,구로구,6689961.65,13393399.13,20083360.78,66.689
2014,구로구,7984143.18,12099217.55,20083360.72,60.245
2015,구로구,7779771.26,12303589.47,20083360.73,61.2626
2016,구로구,7575399.34,12507961.4,20083360.75,62.2802
2017,구로구,7371027.43,12712333.33,20083360.76,63.2978
2018,구로구,7166655.51,12916705.26,20083360.77,64.3155
2019,구로구,7652306.34,12431054.43,20083360.77,61.8973
2020,구로구,7583006.71,12500354.12,20083360.83,62.2423
2021,구로구,7354618.51,12728742.26,20083360.77,63.3795
2022,구로구,7331346.22,12752014.55,20083360.77,63.4954
2023,구로구,7063001.48,13020359.29,20083360.77,64.8316
2024,구로구,7156722.06,12926638.71,20083360.77,64.3649
2000,금천구,3368613.33,9642136.71,13010750.03,74.109
2001,금천구,3401706.14,9609043.9,13010750.03,73.8546
2002,금천구,3434798.94,9575951.09,13010750.03,73.6003
2003,금천구,3467891.75,9542858.28,13010750.03,73.346
2004,금천구,3500984.56,9509765.47,13010750.03,73.0916
2005,금천구,3534077.37,9476672.66,13010750.03,72.8373
2006,금천구,3567170.18,9443579.85,13010750.03,72.5829
2007,금천구,3600262.99,9410487.05,13010750.03,72.3286
2008,금천구,3732659.41,9278090.63,13010750.03,71.311
2009,금천구,3865055.83,9145694.21,13010750.03,70.2934
2010,금천구,3907712.43,9103037.6,13010750.03,69.9655
2011,금천구,3950369.04,9060380.99,13010750.03,69.6377
2012,금천구,3993025.65,9017724.39,13010750.03,69.3098
2013,금천구,4035682.25,8975067.78,13010750.03,68.9819
2014,금천구,4579947.96,8430802.07,13010750.03,64.7987
2015,금천구,4525506.74,8485243.29,13010750.03,65.2172
2016,금천구,4471065.52,8539684.51,13010750.03,65.6356
2017,금천구,4416624.3,8594125.73,13010750.03,66.054
2018,금천구,4362183.08,8648566.95,13010750.03,66.4725
2019,금천구,4429203.37,8581546.67,13010750.03,65.9574
2020,금천구,4423015.68,8587734.35,13010750.03,66.0049
2021,금천구,4371939.44,8638810.59,13010750.03,66.3975
2022,금천구,4467792.55,8542957.49,13010750.03,65.6608
2023,금천구,4388317.45,8622432.58,13010750.03,66.2716
2024,금천구,4430807.77,8579942.27,13010750.03,65.945
2000,노원구,17889047.29,17674944.06,35563991.35,49.699
2001,노원구,18002583.18,17561408.16,35563991.35,49.3797
2002,노원구,18116119.07,17447872.27,35563991.35,49.0605
2003,노원구,18229654.97,17334336.38,35563991.35,48.7413
2004,노원구,18343190.86,17220800.49,35563991.35,48.422
2005,노원구,18456726.75,17107264.59,35563991.35,48.1028
2006,노원구,18570262.65,16993728.7,35563991.35,47.7835
2007,노원구,18683798.54,16880192.81,35563991.35,47.4643
2008,노원구,18796107.14,16767884.21,35563991.35,47.1485
2009,노원구,18908415.74,16655575.61,35563991.35,46.8327
2010,노원구,18969238.89,16594752.46,35563991.35,46.6617
2011,노원구,19030062.03,16533929.31,35563991.35,46.4906
2012,노원구,19090885.18,16473106.16,35563991.35,46.3196
2013,노원구,19151708.33,16412283.02,35563991.35,46.1486
2014,노원구,21872532.01,13691459.47,35563991.49,38.4981
2015,노원구,21483103.56,14080887.89,35563991.45,39.5931
2016,노원구,21093675.11,14470316.3,35563991.42,40.6881
2017,노원구,20704246.67,14859744.71,35563991.38,41.7831
2018,노원구,20314818.22,15249173.13,35563991.35,42.8781
2019,노원구,21982498.5,13581492.85,35563991.35,38.1889
2020,노원구,22099203.56,13464787.63,35563991.19,37.8607
2021,노원구,21977870.4,13586120.95,35563991.35,38.2019
2022,노원구,21598389.38,13965601.97,35563991.35,39.2689
2023,노원구,21518716.57,14045274.77,35563991.35,39.493
2024,노원구,21616045.23,13947946.12,35563991.35,39.2193
2000,도봉구,10946434.35,9742949.47,20689383.82,47.0915
2001,도봉구,10987105.59,9702278.23,20689383.82,46.895
2002,도봉구,11027776.83,9661606.99,20689383.82,46.6984
2003,도봉구,11068448.07,9620935.75,20689383.82,46.5018
2004,도봉구,11109119.32,9580264.51,20689383.82,46.3052
2005,도봉구,11149790.56,9539593.27,20689383.82,46.1086
2006,도봉구,11190461.8,9498922.03,20689383.82,45.9121
2007,도봉구,11231133.04,9458250.79,20689383.82,45.7155
2008,도봉구,11209641.83,9479741.99,20689383.82,45.8194
2009,도봉구,11188150.63,9501233.19,20689383.82,45.9232
2010,도봉구,11121307.04,9568076.78,20689383.82,46.2463
2011,도봉구,11054463.45,9634920.38,20689383.82,46.5694
2012,도봉구,10987619.85,9701763.97,20689383.82,46.8925
2013,도봉구,10920776.26,9768607.56,20689383.82,47.2156
2014,도봉구,11913154.67,8776229.16,20689383.82,42.419
2015,도봉구,11773787.21,8915596.61,20689383.82,43.0926
2016,도봉구,11634419.76,9054964.07,20689383.82,43.7662
2017,도봉구,11495052.31,9194331.52,20689383.82,44.4399
2018,도봉구,11355684.85,9333698.97,20689383.82,45.1135
2019,도봉구,11873486.37,8815897.45,20689383.82,42.6107
2020,도봉구,11933365.39,8756018.29,20689383.68,42.3213
2021,도봉구,11876182.92,8813200.9,20689383.82,42.5977
2022,도봉구,11890116.49,8799267.34,20689383.82,42.5303
2023,도봉구,11765467.37,8923916.46,20689383.82,43.1328
2024,도봉구,11784685.21,8904698.62,20689383.82,43.0399
2000,동대문구,1619887.87,12646482.55,14266370.42,88.6454
2001,동대문구,1615459.67,12650910.75,14266370.42,88.6764
2002,동대문구,1611031.47,12655338.96,14266370.42,88.7075
2003,동대문구,1606603.26,12659767.16,14266370.42,88.7385
2004,동대문구,1602175.06,12664195.36,14266370.42,88.7696
2005,동대문구,1597746.86,12668623.57,14266370.42,88.8006
2006,동대문구,1593318.66,12673051.77,14266370.42,88.8316
2007,동대문구,1588890.45,12677479.97,14266370.42,88.8627
2008,동대문구,1843027.45,12423342.97,14266370.42,87.0813
2009,동대문구,2097164.45,12169205.97,14266370.42,85.2999
2010,동대문구,2087741.23,12178629.27,14266370.5,85.366
2011,동대문구,2078318.0,12188052.58,14266370.58,85.432
2012,동대문구,2068894.77,12197475.88,14266370.65,85.4981
2013,동대문구,2059471.54,12206899.18,14266370.73,85.5642
2014,동대문구,3185807.66,11080562.77,14266370.42,77.6691
2015,동대문구,2985761.53,11280608.89,14266370.42,79.0713
2016,동대문구,2785715.41,11480655.01,14266370.42,80.4736
2017,동대문구,2585669.29,11680701.14,14266370.42,81.8758
2018,동대문구,2385623.17,11880747.26,14266370.42,83.278
2019,동대문구,3239099.18,11027271.24,14266370.42,77.2956
2020,동대문구,3247464.41,11018905.81,14266370.22,77.2369
2021,동대문구,3355743.95,10910626.47,14266370.42,76.4779
2022,동대문구,3531753.88,10734616.54,14266370.42,75.2442
2023,동대문구,3409560.38,10856810.04,14266370.42,76.1007
2024,동대문구,3354009.97,10912360.46,14266370.42,76.4901
2000,동작구,3147138.61,13216478.62,16363617.24,80.7675
2001,동작구,3252801.7,13110815.55,16363617.25,80.1217
2002,동작구,3358464.79,13005152.48,16363617.26,79.476
2003,동작구,3464127.87,12899489.4,16363617.28,78.8303
2004,동작구,3569790.96,12793826.33,16363617.29,78.1846
2005,동작구,3675454.05,12688163.26,16363617.31,77.5389
2006,동작구,3781117.13,12582500.18,16363617.32,76.8931
2007,동작구,3886780.22,12476837.11,16363617.33,76.2474
2008,동작구,4247173.6,12764538.05,17011711.64,75.0338
2009,동작구,4607566.97,13052238.98,17659805.95,73.9093
2010,동작구,4692050.24,12643708.56,17335758.8,72.9343
2011,동작구,4776533.51,12235178.14,17011711.65,71.9221
2012,동작구,4861016.78,11826647.71,16687664.49,70.8706
2013,동작구,4945500.05,11418117.29,16363617.34,69.7775
2014,동작구,6084203.36,10279413.97,16363617.33,62.8187
2015,동작구,5930890.28,10432727.05,16363617.33,63.7556
2016,동작구,5777577.21,10586040.13,16363617.33,64.6925
2017,동작구,5624264.13,10739353.21,16363617.33,65.6295
2018,동작구,5470951.05,10892666.29,16363617.33,66.5664
2019,동작구,6134092.79,10229524.55,16363617.33,62.5138
2020,동작구,6102982.34,10260634.36,16363616.7,62.704
2021,동작구,6061587.65,10302029.69,16363617.33,62.9569
2022,동작구,6060528.2,10303089.13,16363617.33,62.9634
2023,동작구,5838221.86,10525395.47,16363617.33,64.3219
2024,동작구,5911251.85,10452365.48,16363617.33,63.8756
2000,마포구,8500499.67,15344318.54,23844818.21,64.3507
2001,마포구,8507839.47,15336978.75,23844818.22,64.32
2002,마포구,8515179.26,15329638.96,23844818.23,64.2892
2003,마포구,8522519.06,15322299.17,23844818.23,64.2584
2004,마포구,8529858.85,15314959.39,23844818.24,64.2276
2005,마포구,8537198.65,15307619.6,23844818.24,64.1968
2006,마포구,8544538.44,15300279.81,23844818.25,64.1661
2007,마포구,8551878.23,15292940.02,23844818.25,64.1353
2008,마포구,9010667.7,17019448.22,26030115.92,65.3837
2009,마포구,9469457.17,18745956.41,28215413.58,66.4387
2010,마포구,9518410.84,17604353.82,27122764.66,64.9062
2011,마포구,9567364.51,16462751.23,26030115.75,63.245
2012,마포구,9616318.18,15321148.65,24937466.83,61.4383
2013,마포구,9665271.86,14179546.06,23844817.91,59.4659
2014,마포구,10547563.67,13297254.58,23844818.25,55.7658
2015,마포구,10448259.94,13396558.31,23844818.25,56.1823
2016,마포구,10348956.21,13495862.04,23844818.25,56.5987
2017,마포구,10249652.49,13595165.77,23844818.25,57.0152
2018,마포구,10150348.76,13694469.5,23844818.25,57.4316
2019,마포구,10571491.99,13272861.59,23844353.58,55.6646
2020,마포구,10511608.62,13333209.63,23844818.25,55.9166
2021,마포구,10499577.71,13345240.55,23844818.25,55.967
2022,마포구,10335035.81,13509782.44,23844818.25,56.6571
2023,마포구,10205339.47,13639478.79,23844818.25,57.201
2024,마포구,10240158.81,13604659.44,23844818.25,57.055
2000,서대문구,5223012.21,12451694.2,17674706.41,70.4492
2001,서대문구,5299079.13,12375627.28,17674706.41,70.0189
2002,서대문구,5375146.04,12299560.37,17674706.41,69.5885
2003,서대문구,5451212.96,12223493.45,17674706.41,69.1581
2004,서대문구,5527279.88,12147426.54,17674706.41,68.7277
2005,서대문구,5603346.79,12071359.62,17674706.41,68.2974
2006,서대문구,5679413.71,11995292.7,17674706.41,67.867
2007,서대문구,5755480.62,11919225.79,17674706.41,67.4366
2008,서대문구,5854532.28,13002558.84,18857091.13,68.9532
2009,서대문구,5953583.95,14085891.89,20039475.84,70.2907
2010,서대문구,6047427.58,13400855.92,19448283.5,68.9051
2011,서대문구,6141271.22,12715819.95,18857091.17,67.4326
2012,서대문구,6235114.86,12030783.97,18265898.83,65.8647
2013,서대문구,6328958.5,11345748.0,17674706.49,64.192
2014,서대문구,7473006.26,10201700.15,17674706.41,57.7192
2015,서대문구,7291134.45,10383571.96,17674706.41,58.7482
2016,서대문구,7109262.64,10565443.77,17674706.41,59.7772
2017,서대문구,6927390.84,10747315.58,17674706.41,60.8062
2018,서대문구,6745519.03,10929187.39,17674706.41,61.8352
2019,서대문구,7746052.57,9927995.31,17674047.87,56.1727
2020,서대문구,7699022.11,9975684.3,17674706.41,56.4405
2021,서대문구,7614799.97,10059906.44,17674706.41,56.917
2022,서대문구,7609311.37,10065395.04,17674706.41,56.948
2023,서대문구,7355259.98,10319446.44,17674706.41,58.3854
2024,서대문구,7422190.04,10252516.37,17674706.41,58.0067
2000,서초구,23876313.87,23009016.36,46885330.23,49.0751
2001,서초구,23926876.88,22958453.48,46885330.36,48.9672
2002,서초구,23977439.88,22907890.6,46885330.48,48.8594
2003,서초구,24028002.89,22857327.72,46885330.61,48.7516
2004,서초구,24078565.89,22806764.84,46885330.74,48.6437
2005,서초구,24129128.9,22756201.97,46885330.86,48.5359
2006,서초구,24179691.9,22705639.09,46885330.99,48.428
2007,서초구,24230254.91,22655076.21,46885331.12,48.3202
2008,서초구,24989950.92,22093221.58,47083172.51,46.9238
2009,서초구,25749646.94,21531366.96,47281013.9,45.5391
2010,서초구,26090096.06,21091997.11,47182093.17,44.7034
2011,서초구,26430545.18,20652627.26,47083172.44,43.8641
2012,서초구,26770994.3,20213257.42,46984251.72,43.0213
2013,서초구,27111443.42,19773887.57,46885330.99,42.175
2014,서초구,29396719.23,17488611.93,46885331.16,37.3008
2015,서초구,29130132.81,17755198.35,46885331.16,37.8694
2016,서초구,28863546.4,18021784.76,46885331.16,38.438
2017,서초구,28596959.98,18288371.18,46885331.16,39.0066
2018,서초구,28330373.57,18554957.59,46885331.16,39.5752
2019,서초구,28750449.0,18134882.12,46885331.12,38.6792
2020,서초구,28668000.27,18217330.67,46885330.94,38.8551
2021,서초구,28751270.3,18134060.86,46885331.16,38.6775
2022,서초구,28874285.99,18011045.13,46885331.13,38.4151
2023,서초구,28635925.35,18249406.43,46885331.78,38.9235
2024,서초구,28850813.57,18034517.56,46885331.13,38.4652
2000,성동구,4242030.24,12562463.06,16804493.3,74.7566
2001,성동구,4339337.85,12465155.45,16804493.3,74.1775
2002,성동구,4436645.47,12367847.83,16804493.3,73.5985
2003,성동구,4533953.08,12270540.22,16804493.3,73.0194
2004,성동구,4631260.7,12173232.61,16804493.3,72.4403
2005,성동구,4728568.31,12075924.99,16804493.3,71.8613
2006,성동구,4825875.92,11978617.38,16804493.3,71.2822
2007,성동구,4923183.54,11881309.76,16804493.3,70.7032
2008,성동구,5048460.74,11756032.57,16804493.3,69.9577
2009,성동구,5173737.93,11630755.37,16804493.3,69.2122
2010,성동구,5220296.14,11584197.11,16804493.25,68.9351
2011,성동구,5266854.34,11537638.85,16804493.19,68.6581
2012,성동구,5313412.55,11491080.59,16804493.13,68.381
2013,성동구,5359970.75,11444522.33,16804493.08,68.1039
2014,성동구,6389415.19,10415078.11,16804493.3,61.9779
2015,성동구,6224258.57,10580234.73,16804493.3,62.9607
2016,성동구,6059101.95,10745391.35,16804493.3,63.9436
2017,성동구,5893945.33,10910547.97,16804493.3,64.9264
2018,성동구,5728788.71,11075704.59,16804493.3,65.9092
2019,성동구,6200761.6,10603731.7,16804493.3,63.1006
2020,성동구,6200761.97,10603731.47,16804493.44,63.1006
2021,성동구,6244439.48,10560053.82,16804493.3,62.8407
2022,성동구,6280825.02,10523668.28,16804493.3,62.6241
2023,성동구,5912901.97,10891591.33,16804493.3,64.8136
2024,성동구,6248132.53,10556360.78,16804493.3,62.8187
2000,성북구,8733425.63,15826796.33,24560221.96,64.4408
2001,성북구,8755636.04,15804585.9,24560221.94,64.3503
2002,성북구,8777846.46,15782375.47,24560221.93,64.2599
2003,성북구,8800056.88,15760165.03,24560221.91,64.1695
2004,성북구,8822267.29,15737954.6,24560221.9,64.079
2005,성북구,8844477.71,15715744.17,24560221.88,63.9886
2006,성북구,8866688.12,15693533.74,24560221.87,63.8982
2007,성북구,8888898.54,15671323.31,24560221.85,63.8077
2008,성북구,9113143.11,15526330.64,24639473.74,63.0141
2009,성북구,9337387.67,15381337.97,24718725.64,62.2254
2010,성북구,9256926.34,15422173.35,24679099.69,62.4908
2011,성북구,9176465.01,15463008.73,24639473.75,62.7571
2012,성북구,9096003.68,15503844.12,24599847.8,63.0241
2013,성북구,9015542.36,15544679.5,24560221.86,63.2921
2014,성북구,11124832.71,13435389.25,24560221.96,54.7039
2015,성북구,10716694.06,13843527.89,24560221.96,56.3656
2016,성북구,10308555.42,14251666.54,24560221.96,58.0274
2017,성북구,9900416.77,14659805.19,24560221.96,59.6892
2018,성북구,9492278.12,15067943.83,24560221.96,61.351
2019,성북구,11475174.63,13085047.32,24560221.95,53.2774
2020,성북구,11536267.89,13023953.99,24560221.88,53.0286
2021,성북구,11514363.87,13045858.09,24560221.96,53.1178
2022,성북구,11554444.42,13005777.54,24560221.96,52.9546
2023,성북구,11330741.95,13229480.26,24560222.21,53.8655
2024,성북구,11388478.0,13171743.98,24560221.97,53.6304
2000,송파구,10407448.73,23419373.87,33826822.6,69.2331
2001,송파구,10629041.63,23197781.23,33826822.86,68.5781
2002,송파구,10850634.52,22976188.6,33826823.12,67.923
2003,송파구,11072227.42,22754595.96,33826823.38,67.2679
2004,송파구,11293820.32,22533003.32,33826823.64,66.6128
2005,송파구,11515413.21,22311410.69,33826823.9,65.9577
2006,송파구,11737006.11,22089818.05,33826824.16,65.3027
2007,송파구,11958599.0,21868225.41,33826824.42,64.6476
2008,송파구,11927499.12,21899325.3,33826824.43,64.7395
2009,송파구,11896399.24,21930425.19,33826824.44,64.8315
2010,송파구,12312704.02,21514120.6,33826824.62,63.6008
2011,송파구,12729008.81,21097816.01,33826824.81,62.3701
2012,송파구,13145313.59,20681511.41,33826825.0,61.1394
2013,송파구,13561618.37,20265206.82,33826825.19,59.9087
2014,송파구,14557710.59,19269113.81,33826824.4,56.964
2015,송파구,14440349.01,19386475.39,33826824.4,57.311
2016,송파구,14322987.44,19503836.96,33826824.4,57.6579
2017,송파구,14205625.86,19621198.54,33826824.4,58.0048
2018,송파구,14088264.29,19738560.11,33826824.4,58.3518
2019,송파구,13706772.19,20120052.19,33826824.37,59.4796
2020,송파구,13531508.14,20295315.71,33826823.85,59.9977
2021,송파구,13475521.57,20351302.79,33826824.37,60.1632
2022,송파구,13512269.25,20314554.82,33826824.07,60.0546
2023,송파구,12916228.18,20910596.24,33826824.42,61.8166
2024,송파구,12891919.14,20934905.25,33826824.39,61.8885
2000,양천구,2662183.94,14788111.09,17450295.03,84.7442
2001,양천구,2787421.68,14662873.37,17450295.04,84.0265
2002,양천구,2912659.41,14537635.64,17450295.06,83.3088
2003,양천구,3037897.15,14412397.92,17450295.07,82.5911
2004,양천구,3163134.88,14287160.2,17450295.08,81.8735
2005,양천구,3288372.62,14161922.48,17450295.1,81.1558
2006,양천구,3413610.36,14036684.75,17450295.11,80.4381
2007,양천구,3538848.09,13911447.03,17450295.12,79.7204
2008,양천구,3660506.74,14054290.08,17714796.82,79.3364
2009,양천구,3782165.39,14197133.13,17979298.52,78.9638
2010,양천구,3818106.8,14028940.87,17847047.67,78.6065
2011,양천구,3854048.21,13860748.61,17714796.83,78.2439
2012,양천구,3889989.62,13692556.36,17582545.98,77.8758
2013,양천구,3925931.04,13524364.1,17450295.13,77.5022
2014,양천구,5508915.16,11941379.96,17450295.12,68.4308
2015,양천구,5292611.92,12157683.2,17450295.12,69.6704
2016,양천구,5076308.68,12373986.45,17450295.12,70.9099
2017,양천구,4860005.43,12590289.69,17450295.12,72.1494
2018,양천구,4643702.19,12806592.94,17450295.12,73.389
2019,양천구,5598011.89,11852283.24,17450295.12,67.9202
2020,양천구,5518029.45,11932265.67,17450295.12,68.3786
2021,양천구,5461459.38,11988835.74,17450295.12,68.7028
2022,양천구,5412263.01,12038032.11,17450295.12,68.9847
2023,양천구,5225553.65,12224741.48,17450295.12,70.0546
2024,양천구,5217793.08,12232502.04,17450295.12,70.0991
2000,영등포구,6393054.53,18112663.21,24505717.74,73.912
2001,영등포구,6518181.76,17987535.98,24505717.74,73.4014
2002,영등포구,6643308.99,17862408.75,24505717.74,72.8908
2003,영등포구,6768436.22,17737281.52,24505717.74,72.3802
2004,영등포구,6893563.45,17612154.29,24505717.74,71.8696
2005,영등포구,7018690.68,17487027.06,24505717.74,71.359
2006,영등포구,7143817.91,17361899.83,24505717.74,70.8484
2007,영등포구,7268945.14,17236772.6,24505717.74,70.3378
2008,영등포구,7619800.36,19010654.92,26630455.28,71.3869
2009,영등포구,7970655.58,20784537.23,28755192.81,72.281
2010,영등포구,8096747.72,19596076.33,27692824.06,70.7623
2011,영등포구,8222839.87,18407615.43,26630455.3,69.1224
2012,영등포구,8348932.01,17219154.53,25568086.55,67.3463
2013,영등포구,8475024.16,16030693.63,24505717.79,65.4161
2014,영등포구,9472028.67,15033689.08,24505717.74,61.3477
2015,영등포구,9277149.14,15228568.61,24505717.74,62.1429
2016,영등포구,9082269.6,15423448.14,24505717.74,62.9382
2017,영등포구,8887390.07,15618327.67,24505717.74,63.7334
2018,영등포구,8692510.54,15813207.2,24505717.74,64.5286
2019,영등포구,9876363.86,14629353.88,24505717.74,59.6977
2020,영등포구,9907049.62,14598668.17,24505717.79,59.5725
2021,영등포구,9802396.87,14703320.87,24505717.74,59.9996
2022,영등포구,9885651.87,14620065.88,24505717.74,59.6598
2023,영등포구,9550680.34,14955037.4,24505717.74,61.0267
2024,영등포구,9606082.93,14899634.82,24505717.74,60.8006
2000,용산구,5785132.82,16091190.54,21876323.36,73.5553
2001,용산구,5876724.16,15999599.19,21876323.34,73.1366
2002,용산구,5968315.49,15908007.83,21876323.33,72.7179
2003,용산구,6059906.83,15816416.48,21876323.31,72.2992
2004,용산구,6151498.17,15724825.13,21876323.29,71.8806
2005,용산구,6243089.51,15633233.77,21876323.28,71.4619
2006,용산구,6334680.84,15541642.42,21876323.26,71.0432
2007,용산구,6426272.18,15450051.07,21876323.25,70.6245
2008,용산구,6554688.96,17015418.5,23570107.46,72.1907
2009,용산구,6683105.74,18580785.93,25263891.67,73.5468
2010,용산구,7461854.83,16955144.74,24416999.57,69.4399
2011,용산구,8240603.91,15329503.56,23570107.47,65.0379
2012,용산구,9019352.99,13703862.37,22723215.36,60.3078
2013,용산구,9798102.08,12078221.19,21876323.26,55.2114
2014,용산구,11250538.54,10625784.83,21876323.37,48.5721
2015,용산구,11010425.02,10865898.35,21876323.37,49.6697
2016,용산구,10770311.5,11106011.86,21876323.37,50.7673
2017,용산구,10530197.98,11346125.38,21876323.37,51.8649
2018,용산구,10290084.46,11586238.9,21876323.37,52.9625
2019,용산구,11487668.91,10388654.45,21876323.36,47.4881
2020,용산구,11488247.6,10388075.56,21876323.16,47.4855
2021,용산구,11545446.33,10330877.04,21876323.37,47.224
2022,용산구,11543439.64,10332883.73,21876323.37,47.2332
2023,용산구,11319119.43,10557204.17,21876323.6,48.2586
2024,용산구,11424383.97,10451939.39,21876323.36,47.7774
2000,은평구,15062420.07,14711470.37,29773890.44,49.4106
2001,은평구,15111515.95,14662374.48,29773890.43,49.2457
2002,은평구,15160611.83,14613278.59,29773890.42,49.0809
2003,은평구,15209707.7,14564182.7,29773890.4,48.916
2004,은평구,15258803.58,14515086.81,29773890.39,48.7511
2005,은평구,15307899.46,14465990.92,29773890.38,48.5862
2006,은평구,15356995.34,14416895.03,29773890.37,48.4213
2007,은평구,15406091.22,14367799.14,29773890.35,48.2564
2008,은평구,16000647.51,14709644.34,30710291.85,47.8981
2009,은평구,16595203.79,15051489.55,31646693.35,47.561
2010,은평구,16381096.71,14797395.87,31178492.58,47.4603
2011,은평구,16166989.62,14543302.2,30710291.82,47.3564
2012,은평구,15952882.53,14289208.52,30242091.05,47.2494
2013,은평구,15738775.45,14035114.84,29773890.29,47.139
2014,은평구,17016934.78,12756955.57,29773890.35,42.8461
2015,은평구,16869172.5,12904717.85,29773890.35,43.3424
2016,은평구,16721410.22,13052480.13,29773890.35,43.8387
2017,은평구,16573647.94,13200242.41,29773890.35,44.335
2018,은평구,16425885.66,13348004.69,29773890.35,44.8312
2019,은평구,17154136.32,12619754.03,29773890.35,42.3853
2020,은평구,17149199.73,12624690.62,29773890.35,42.4019
2021,은평구,17124823.14,12649067.21,29773890.35,42.4838
2022,은평구,17102815.93,12671074.42,29773890.35,42.5577
2023,은평구,16924960.95,12848929.41,29773890.35,43.155
2024,은평구,16901962.41,12871927.94,29773890.35,43.2323
2000,종로구,11033247.52,12939593.28,23972840.8,53.9761
2001,종로구,11080195.71,12892645.08,23972840.79,53.7802
2002,종로구,11127143.89,12845696.89,23972840.78,53.5844
2003,종로구,11174092.07,12798748.69,23972840.76,53.3885
2004,종로구,11221040.25,12751800.5,23972840.75,53.1927
2005,종로구,11267988.44,12704852.3,23972840.74,52.9969
2006,종로구,11314936.62,12657904.11,23972840.73,52.801
2007,종로구,11361884.8,12610955.91,23972840.72,52.6052
2008,종로구,11593432.14,13118699.75,24712131.89,53.0861
2009,종로구,11824979.47,13626443.58,25451423.06,53.539
2010,종로구,11935032.39,13146745.09,25081777.48,52.4155
2011,종로구,12045085.31,12667046.59,24712131.9,51.2584
2012,종로구,12155138.23,12187348.09,24342486.32,50.0662
2013,종로구,12265191.15,11707649.59,23972840.74,48.8371
2014,종로구,14347122.09,9625718.71,23972840.8,40.1526
2015,종로구,14036537.4,9936303.4,23972840.8,41.4482
2016,종로구,13725952.72,10246888.09,23972840.8,42.7437
2017,종로구,13415368.03,10557472.77,23972840.8,44.0393
2018,종로구,13104783.35,10868057.46,23972840.8,45.3349
2019,종로구,14352139.85,9620700.95,23972840.8,40.1317
2020,종로구,14352590.42,9620250.33,23972840.75,40.1298
2021,종로구,14374339.83,9598500.97,23972840.8,40.0391
2022,종로구,14381568.71,9591272.1,23972840.8,40.0089
2023,종로구,14034394.0,9938447.17,23972841.17,41.4571
2024,종로구,14099130.95,9873709.87,23972840.81,41.1871
2000,중구,1382578.43,8599890.31,9982468.74,86.1499
2001,중구,1398929.82,8583538.91,9982468.73,85.9861
2002,중구,1415281.21,8567187.5,9982468.72,85.8223
2003,중구,1431632.61,8550836.1,9982468.71,85.6585
2004,중구,1447984.0,8534484.7,9982468.7,85.4947
2005,중구,1464335.39,8518133.29,9982468.68,85.3309
2006,중구,1480686.79,8501781.89,9982468.67,85.1671
2007,중구,1497038.18,8485430.48,9982468.66,85.0033
2008,중구,1564641.04,8991018.5,10555659.54,85.1772
2009,중구,1632243.91,9496606.51,11128850.42,85.3332
2010,중구,1729270.51,9112984.44,10842254.95,84.0506
2011,중구,1826297.12,8729362.37,10555659.49,82.6984
2012,중구,1923323.73,8345740.3,10269064.03,81.2707
2013,중구,2020350.33,7962118.23,9982468.57,79.761
2014,중구,2432306.0,7550162.74,9982468.74,75.6342
2015,중구,2377649.4,7604819.34,9982468.74,76.1817
2016,중구,2322992.81,7659475.93,9982468.74,76.7293
2017,중구,2268336.21,7714132.53,9982468.74,77.2768
2018,중구,2213679.61,7768789.12,9982468.74,77.8243
2019,중구,2413025.57,7569443.16,9982468.74,75.8274
2020,중구,2394899.31,7587569.68,9982468.99,76.0089
2021,중구,2415645.21,7566823.53,9982468.74,75.8011
2022,중구,2419405.56,7563063.18,9982468.74,75.7635
2023,중구,2275047.09,7707421.76,9982468.85,77.2096
2024,중구,2370966.63,7611502.09,9982468.72,76.2487
2000,중랑구,6932913.11,11590264.23,18523177.34,62.5717
2001,중랑구,7028577.66,11494599.68,18523177.34,62.0552
2002,중랑구,7124242.21,11398935.12,18523177.34,61.5388
2003,중랑구,7219906.77,11303270.57,18523177.34,61.0223
2004,중랑구,7315571.32,11207606.01,18523177.34,60.5059
2005,중랑구,7411235.88,11111941.46,18523177.34,59.9894
2006,중랑구,7506900.43,11016276.9,18523177.34,59.4729
2007,중랑구,7602564.99,10920612.35,18523177.34,58.9565
2008,중랑구,7403127.72,11120049.62,18523177.34,60.0332
2009,중랑구,7203690.45,11319486.89,18523177.34,61.1099
2010,중랑구,7165738.49,11357438.86,18523177.35,61.3147
2011,중랑구,7127786.53,11395390.83,18523177.36,61.5196
2012,중랑구,7089834.57,11433342.8,18523177.37,61.7245
2013,중랑구,7051882.61,11471294.77,18523177.38,61.9294
2014,중랑구,7621299.34,10901878.03,18523177.37,58.8553
2015,중랑구,7514594.4,11008582.96,18523177.36,59.4314
2016,중랑구,7407889.47,11115287.89,18523177.35,60.0075
2017,중랑구,7301184.53,11221992.82,18523177.35,60.5835
2018,중랑구,7194479.59,11328697.75,18523177.34,61.1596
2019,중랑구,7620298.29,10902879.05,18523177.34,58.8607
2020,중랑구,7658907.16,10864270.18,18523177.34,58.6523
2021,중랑구,7593123.44,10930053.9,18523177.34,59.0074
2022,중랑구,7400106.15,11123071.18,18523177.34,60.0495
2023,중랑구,7195472.96,11327704.37,18523177.34,61.1542
2024,중랑구,7178524.58,11344652.76,18523177.34,61.2457
