SIGUNGU_NM,YEAR,주거지역,공업지역,상업지역,문화체육휴양지역,교통지역,공공시설지역,농업지역,산림지역,초지,습지,나지,수역,TOTAL_CHECK
강남구,2000,14569107.11,121479.03,3830454.19,0.0,2593475.7,4455224.01,3202336.36,6501715.35,223573.62,596486.19,1090147.09,2273778.76,39457777.41
강남구,2001,14125820.5,124818.68,4091927.29,4652.97,2796676.36,4326626.65,3242998.48,6488129.18,308260.21,591299.14,1075772.4,2280795.6,39457777.46
강남구,2002,13682533.89,128158.34,4353400.4,9305.95,2999877.02,4198029.28,3283660.59,6474543.0,392946.81,586112.09,1061397.72,2287812.44,39457777.53
강남구,2003,13239247.28,131497.99,4614873.51,13958.92,3203077.67,4069431.92,3324322.71,6460956.82,477633.4,580925.04,1047023.03,2294829.27,39457777.56000001
강남구,2004,12795960.67,134837.65,4876346.62,18611.89,3406278.33,3940834.56,3364984.83,6447370.65,562319.99,575737.99,1032648.35,2301846.11,39457777.64000001
강남구,2005,12352674.06,138177.3,5137819.73,23264.87,3609478.99,3812237.19,3405646.95,6433784.47,647006.59,570550.94,1018273.66,2308862.95,39457777.7
강남구,2006,11909387.45,141516.96,5399292.83,27917.84,3812679.65,3683639.83,3446309.07,6420198.3,731693.18,565363.9,1003898.97,2315879.79,39457777.769999996
강남구,2007,11466100.84,144856.61,5660765.94,32570.81,4015880.3,3555042.47,3486971.19,6406612.12,816379.77,560176.85,989524.29,2322896.62,39457777.81
강남구,2008,11309648.75,254374.33,5713151.3,66806.21,4125204.75,3122500.56,3043860.96,6702341.74,1012807.37,579612.25,1203513.24,2323956.31,39457777.77
강남구,2009,11153196.66,363892.05,5765536.66,101041.61,4234529.2,2689958.66,2600750.73,6998071.37,1209234.97,599047.66,1417502.2,2325016.0,39457777.769999996
강남구,2010,10975608.15,290125.82,6007131.71,108770.54,4523802.56,2427930.31,2643466.35,6881414.67,1420615.64,560405.05,1262520.96,2355986.03,39457777.79
강남구,2011,10798019.65,216359.6,6248726.76,116499.46,4813075.93,2165901.95,2686181.97,6764757.97,1631996.31,521762.44,1107539.72,2386956.07,39457777.83
강남구,2012,10620431.15,142593.37,6490321.8,124228.39,5102349.29,1903873.6,2728897.58,6648101.28,1843376.98,483119.83,952558.49,2417926.1,39457777.86
강남구,2013,10442842.65,68827.15,6731916.85,131957.32,5391622.65,1641845.25,2771613.2,6531444.58,2054757.66,444477.22,797577.25,2448896.14,39457777.919999994
강남구,2014,3692902.09,6876.38,4354434.7,327955.18,12190695.6,607803.62,2024989.17,7013256.97,5211126.38,413152.37,1364170.75,2250414.55,39457777.76
강남구,2015,5188103.93,17940.75,4801184.18,298351.42,10499932.33,801738.13,2095667.43,6935842.81,4811231.36,418607.51,1325714.65,2263463.28,39457777.779999994
강남구,2016,6683305.77,29005.12,5247933.66,268747.65,8809169.06,995672.65,2166345.69,6858428.65,4411336.34,424062.64,1287258.54,2276512.0,39457777.77
강남구,2017,8178507.61,40069.49,5694683.14,239143.88,7118405.79,1189607.16,2237023.95,6781014.5,4011441.32,429517.77,1248802.43,2289560.72,39457777.76
강남구,2018,9673709.45,51133.85,6141432.62,209540.12,5427642.52,1383541.68,2307702.21,6703600.34,3611546.31,434972.91,1210346.33,2302609.45,39457777.78999999
강남구,2019,3790221.21,6585.24,4427989.37,400068.99,12687481.99,612566.75,879800.27,6896383.29,5732393.77,384073.8,1393036.87,2247176.22,39457777.76999999
강남구,2020,3804893.36,10765.95,4550489.12,382288.2,12763838.97,655042.23,962216.43,6610846.37,5838770.15,398104.63,1234202.64,2246320.47,39457778.52
강남구,2021,3731686.88,6585.24,4454941.69,399828.63,12627259.94,610102.43,800353.6,6831521.1,5643241.14,384073.8,1721007.11,2247176.21,39457777.77
강남구,2022,3714340.04,5747.29,4467713.68,394132.2,12697859.24,718903.26,673702.64,6543083.72,5709194.59,377442.91,1898106.36,2257551.65,39457777.57999999
강남구,2023,2925239.88,13444.74,3459437.65,393449.58,14834527.66,592659.5,860591.81,6466992.87,5607601.72,290581.8,1757286.36,2255964.2,39457777.769999996
강남구,2024,2957618.73,13522.36,3548054.21,414032.59,14736734.86,661382.09,809049.25,6464618.53,5512399.55,292523.89,1795518.73,2252322.97,39457777.76
강동구,2000,10697462.23,17054.93,149310.49,0.0,1613072.6,1890111.42,3803752.95,2983215.09,616714.07,0.0,717987.54,2049186.32,24537867.64
강동구,2001,10606985.5,39287.6,239256.95,2958.49,1609169.11,1767490.96,3787198.66,2981752.7,721756.46,37088.4,705976.49,2038946.33,24537867.65
강동구,2002,10516508.77,61520.27,329203.4,5916.99,1605265.62,1644870.5,3770644.38,2980290.31,826798.84,74176.79,693965.43,2028706.34,24537867.639999997
강동구,2003,10426032.04,83752.94,419149.86,8875.48,1601362.13,1522250.04,3754090.1,2978827.92,931841.23,111265.19,681954.38,2018466.35,24537867.66
강동구,2004,10335555.3,105985.61,509096.31,11833.98,1597458.64,1399629.58,3737535.82,2977365.53,1036883.62,148353.58,669943.33,2008226.36,24537867.66
강동구,2005,10245078.57,128218.28,599042.77,14792.47,1593555.14,1277009.12,3720981.54,2975903.14,1141926.01,185441.98,657932.27,1997986.37,24537867.660000004
강동구,2006,10154601.84,150450.95,688989.23,17750.97,1589651.65,1154388.66,3704427.25,2974440.75,1246968.4,222530.37,645921.22,1987746.38,24537867.669999998
강동구,2007,10064125.11,172683.62,778935.68,20709.46,1585748.16,1031768.2,3687872.97,2972978.36,1352010.79,259618.77,633910.16,1977506.39,24537867.669999998
강동구,2008,10556750.23,127196.56,548468.05,21489.94,1665943.33,938390.88,3206240.51,2992997.82,1396564.65,259281.08,847038.25,1977506.34,24537867.639999997
강동구,2009,11049375.36,81709.51,318000.41,22270.41,1746138.51,845013.56,2724608.04,3013017.27,1441118.51,258943.39,1060166.34,1977506.29,24537867.6
강동구,2010,10309802.58,67149.14,750557.39,34325.54,2056683.65,844103.1,2741548.89,3026671.01,1480136.38,211268.17,983652.17,2031969.66,24537867.68
강동구,2011,9570229.79,52588.77,1183114.36,46380.67,2367228.8,843192.64,2758489.73,3040324.75,1519154.25,163592.95,907138.0,2086433.03,24537867.74
강동구,2012,8830657.01,38028.4,1615671.34,58435.79,2677773.94,842282.18,2775430.58,3053978.49,1558172.12,115917.74,830623.82,2140896.4,24537867.809999995
강동구,2013,8091084.22,23468.04,2048228.32,70490.92,2988319.08,841371.73,2792371.42,3067632.23,1597189.99,68242.52,754109.65,2195359.78,24537867.9
강동구,2014,3130692.33,7463.07,1637483.28,160528.62,6951324.33,523723.46,1888965.57,3344742.08,3631261.43,105270.03,1112094.86,2044318.61,24537867.67
강동구,2015,4228089.65,6067.92,1631644.07,147675.17,5982874.11,579446.92,2021826.01,3285431.19,3395976.28,103009.74,1113365.53,2042461.07,24537867.660000004
강동구,2016,5325486.97,4672.77,1625804.86,134821.73,5014423.9,635170.38,2154686.46,3226120.3,3160691.14,100749.45,1114636.2,2040603.53,24537867.69
강동구,2017,6422884.28,3277.61,1619965.65,121968.28,4045973.68,690893.84,2287546.9,3166809.41,2925405.99,98489.15,1115906.86,2038745.99,24537867.639999997
강동구,2018,7520281.6,1882.46,1614126.44,109114.83,3077523.46,746617.31,2420407.34,3107498.52,2690120.85,96228.86,1117177.53,2036888.45,24537867.650000002
강동구,2019,2970286.34,7134.13,1645349.66,201366.7,6836044.98,545458.93,979739.98,3050188.75,3731969.38,95213.38,2449006.63,2026108.79,24537867.65
강동구,2020,3067083.98,7460.97,1650995.99,171447.17,6836828.91,529263.55,968501.27,3092323.72,3490113.47,82565.95,2612983.46,2028299.23,24537867.67
강동구,2021,3019517.9,6147.34,1623529.15,222493.41,6963187.21,676780.75,879150.33,2713026.15,3602040.14,81863.14,2723452.87,2026679.26,24537867.650000002
강동구,2022,3047910.85,5846.32,1619852.28,240314.37,7181955.45,563890.04,834253.3,2965589.96,3494427.67,81791.63,2478837.01,2023198.76,24537867.640000004
강동구,2023,2234038.03,2245.04,1225734.01,237491.37,8992629.0,569805.45,900839.76,2653707.84,3369521.55,79856.5,2251107.35,2020891.76,24537867.660000004
강동구,2024,2229276.2,2274.2,1302069.59,256318.09,8755172.66,455407.44,901182.64,2925240.45,3478358.08,79979.84,2131528.23,2021060.24,24537867.66
강북구,2000,8216971.85,0.0,280476.93,0.0,545774.81,627997.15,20752.17,13610035.0,82490.34,0.0,172742.44,63347.68,23620588.37
강북구,2001,7820052.56,16275.34,553862.41,10125.16,626736.52,630030.02,34885.24,13593647.5,95857.74,464.94,176880.4,61770.56,23620588.389999997
강북구,2002,7423133.28,32550.68,827247.89,20250.32,707698.22,632062.89,49018.3,13577260.0,109225.14,929.88,181018.36,60193.44,23620588.400000002
강북구,2003,7026213.99,48826.01,1100633.37,30375.49,788659.92,634095.76,63151.37,13560872.49,122592.55,1394.82,185156.32,58616.32,23620588.41
강북구,2004,6629294.71,65101.35,1374018.85,40500.65,869621.63,636128.63,77284.43,13544484.99,135959.95,1859.76,189294.28,57039.2,23620588.430000003
강북구,2005,6232375.42,81376.69,1647404.33,50625.81,950583.33,638161.5,91417.5,13528097.48,149327.35,2324.7,193432.23,55462.07,23620588.410000004
강북구,2006,5835456.14,97652.03,1920789.81,60750.97,1031545.04,640194.37,105550.56,13511709.98,162694.76,2789.64,197570.19,53884.95,23620588.44
강북구,2007,5438536.85,113927.36,2194175.3,70876.13,1112506.74,642227.24,119683.62,13495322.48,176062.16,3254.58,201708.15,52307.83,23620588.439999994
강북구,2008,5344955.85,62706.45,2201993.0,57495.04,1111159.31,620035.29,118190.5,13466586.09,211363.19,3254.61,371315.91,51533.24,23620588.48
강북구,2009,5251374.84,11485.53,2209810.71,44113.96,1109811.88,597843.33,116697.38,13437849.7,246664.23,3254.63,540923.67,50758.64,23620588.5
강북구,2010,5558311.22,8614.15,1928620.07,57423.0,1152441.19,640567.52,104097.62,13235688.67,317019.07,2440.97,550440.21,64924.8,23620588.49
강북구,2011,5865247.61,5742.76,1647429.43,70732.04,1195070.49,683291.7,91497.87,13033527.64,387373.92,1627.31,559956.75,79090.95,23620588.47
강북구,2012,6172183.99,2871.38,1366238.78,84041.09,1237699.8,726015.89,78898.12,12831366.6,457728.76,813.66,569473.29,93257.1,23620588.46
강북구,2013,6479120.38,0.0,1085048.14,97350.13,1280329.1,768740.07,66298.36,12629205.57,528083.61,0.0,578989.82,107423.25,23620588.43
강북구,2014,3509004.3,3153.68,1128664.96,117577.93,3614800.5,424986.9,66659.02,12712606.45,1068945.2,47092.28,898602.22,28494.95,23620588.389999997
강북구,2015,4252821.71,2365.26,1046577.35,106019.94,3032567.95,465472.49,62959.49,12752440.88,950832.32,52463.1,863694.79,32373.1,23620588.380000003
강북구,2016,4996639.12,1576.84,964489.74,94461.96,2450335.4,505958.08,59259.95,12792275.3,832719.45,57833.92,828787.35,36251.26,23620588.370000005
강북구,2017,5740456.53,788.42,882402.14,82903.98,1868102.85,546443.67,55560.42,12832109.73,714606.58,63204.74,793879.92,40129.41,23620588.39
강북구,2018,6484273.94,0.0,800314.53,71345.99,1285870.3,586929.26,51860.89,12871944.15,596493.71,68575.55,758972.49,44007.57,23620588.380000003
강북구,2019,3473666.09,2941.86,1127956.07,144086.77,3667538.41,441791.28,59646.3,12669065.49,1175153.12,52212.02,775995.36,30535.6,23620588.37
강북구,2020,3468035.63,3153.68,1126418.07,139528.85,3643997.4,427819.28,62214.85,12690236.03,1154671.51,47034.85,828990.16,28487.74,23620588.05
강북구,2021,3466358.29,2622.11,1119999.13,144170.8,3703393.48,440364.0,57496.69,12694657.03,1164393.34,52212.03,744385.86,30535.6,23620588.36
강북구,2022,3420257.98,2622.11,1113171.35,149933.15,3702910.86,426154.85,57319.28,12708275.17,1175018.19,52212.03,782177.79,30535.6,23620588.360000003
강북구,2023,2277253.9,3751.34,939747.0,141960.06,5240379.34,343529.75,79787.98,12646298.35,1098306.39,51052.3,768085.88,30436.13,23620588.419999998
강북구,2024,2281043.63,3748.91,944515.28,142756.26,5215093.79,353066.16,82024.57,12625066.26,1088489.2,51052.3,803330.79,30401.22,23620588.369999997
강서구,2000,10481153.75,1425907.74,2017253.46,9259.44,5155839.72,3514737.86,8511537.84,2683568.52,3973417.85,172632.51,279736.98,3202181.8,41427227.46999999
강서구,2001,10015803.25,1290269.76,2289858.66,12818.2,5357846.62,3561546.39,8406885.81,2661492.41,3927669.51,175184.55,512346.07,3215510.45,41427231.67999999
강서구,2002,9550452.74,1154631.79,2562463.86,16376.95,5559853.53,3608354.92,8302233.78,2639416.3,3881921.16,177736.58,744955.15,3228839.11,41427235.87
강서구,2003,9085102.24,1018993.81,2835069.06,19935.71,5761860.43,3655163.44,8197581.75,2617340.19,3836172.81,180288.62,977564.23,3242167.76,41427240.05
강서구,2004,8619751.74,883355.83,3107674.25,23494.47,5963867.33,3701971.97,8092929.72,2595264.08,3790424.46,182840.66,1210173.32,3255496.41,41427244.239999995
강서구,2005,8154401.24,747717.86,3380279.45,27053.23,6165874.23,3748780.5,7988277.69,2573187.97,3744676.11,185392.7,1442782.4,3268825.07,41427248.45
강서구,2006,7689050.73,612079.88,3652884.65,30611.98,6367881.13,3795589.03,7883625.66,2551111.86,3698927.76,187944.73,1675391.49,3282153.72,41427252.62
강서구,2007,7223700.23,476441.9,3925489.85,34170.74,6569888.03,3842397.55,7778973.63,2529035.75,3653179.42,190496.77,1908000.57,3295482.37,41427256.81
강서구,2008,7186067.97,351094.33,3939652.07,49491.28,6608924.42,3662808.04,7676046.15,2649191.27,3909722.11,101790.63,2033907.03,3292666.03,41461361.330000006
강서구,2009,7148435.71,225746.75,3953814.29,64811.81,6647960.8,3483218.52,7573118.68,2769346.78,4166264.8,13084.48,2159813.48,3289849.7,41495465.8
강서구,2010,7513346.98,204720.69,3854553.28,81137.54,6562007.43,3036506.84,6729068.37,2928757.71,4794494.63,138952.21,2317230.29,3317637.56,41478413.53000001
강서구,2011,7878258.25,183694.64,3755292.27,97463.27,6476054.05,2589795.15,5885018.06,3088168.64,5422724.45,264819.95,2474647.1,3345425.42,41461361.25000001
강서구,2012,8243169.52,162668.58,3656031.27,113789.0,6390100.68,2143083.47,5040967.75,3247579.57,6050954.27,390687.68,2632063.91,3373213.28,41444308.980000004
강서구,2013,8608080.79,141642.52,3556770.26,130114.73,6304147.3,1696371.79,4196917.44,3406990.5,6679184.1,516555.41,2789480.71,3401001.15,41427256.699999996
강서구,2014,3968207.63,68226.93,2131699.85,255226.88,12285309.16,914388.09,3892537.75,3372786.37,7745076.72,354321.17,3000908.22,3438568.05,41427256.82
강서구,2015,5177401.89,82047.9,2376513.11,228843.17,10830507.81,1027919.67,3973206.83,3394517.64,7573563.47,333603.52,2988004.13,3441127.66,41427256.80000001
강서구,2016,6386596.15,95868.88,2621326.37,202459.46,9375706.47,1141451.25,4053875.91,3416248.91,7402050.23,312885.88,2975100.04,3443687.27,41427256.82000001
강서구,2017,7595790.4,109689.85,2866139.63,176075.75,7920905.12,1254982.83,4134544.99,3437980.19,7230536.99,292168.23,2962195.95,3446246.89,41427256.82
강서구,2018,8804984.66,123510.82,3110952.9,149692.04,6466103.77,1368514.42,4215214.07,3459711.46,7059023.75,271450.59,2949291.85,3448806.5,41427256.830000006
강서구,2019,4074512.62,67113.42,2415364.81,316824.75,13409253.17,915657.0,3339309.01,3355521.58,7373498.91,265527.89,2538061.83,3356611.84,41427256.83
강서구,2020,4075890.17,67955.12,2417489.46,349842.11,13345883.97,927404.67,3268396.48,3363628.3,7339589.22,264803.12,2652404.4,3353969.8,41427256.82
강서구,2021,4054635.65,67113.42,2437511.89,315353.78,13375118.23,918996.37,3329252.43,3280886.47,7373473.64,255569.36,2621108.79,3398236.8,41427256.82999999
강서구,2022,4066614.05,69252.33,2462942.17,324948.62,13438637.52,932038.76,3319006.74,3280886.47,7848609.92,255569.36,2030514.07,3398236.8,41427256.809999995
강서구,2023,3031263.9,50076.93,2229262.81,327143.3,12579737.58,785384.42,3061156.94,8442345.87,5519659.0,240411.15,1719348.23,3441466.67,41427256.8
강서구,2024,3022202.23,40385.61,2289179.35,358500.88,14276118.29,817368.65,3034114.4,3237885.23,8794520.89,237629.36,1872244.81,3447107.12,41427256.82
관악구,2000,11310243.07,0.0,686681.7,0.0,591043.62,2334134.12,78522.91,13535340.53,204437.22,0.0,822817.0,0.0,29563220.169999994
관악구,2001,10939131.57,0.0,713389.42,559.64,906696.24,2258134.01,79635.46,13563537.47,228707.0,6783.86,859877.55,6767.95,29563220.17
관악구,2002,10568020.06,0.0,740097.14,1119.27,1222348.86,2182133.9,80748.02,13591734.4,252976.79,13567.73,896938.1,13535.89,29563220.16
관악구,2003,10196908.56,0.0,766804.87,1678.91,1538001.48,2106133.78,81860.57,13619931.34,277246.58,20351.59,933998.65,20303.84,29563220.169999994
관악구,2004,9825797.05,0.0,793512.59,2238.55,1853654.09,2030133.67,82973.13,13648128.28,301516.37,27135.45,971059.2,27071.78,29563220.16
관악구,2005,9454685.55,0.0,820220.31,2798.18,2169306.71,1954133.56,84085.69,13676325.21,325786.16,33919.32,1008119.75,33839.73,29563220.17
관악구,2006,9083574.05,0.0,846928.04,3357.82,2484959.33,1878133.45,85198.24,13704522.15,350055.95,40703.18,1045180.29,40607.67,29563220.169999998
관악구,2007,8712462.54,0.0,873635.76,3917.46,2800611.95,1802133.33,86310.8,13732719.08,374325.74,47487.05,1082240.84,47375.62,29563220.17
관악구,2008,8478844.0,0.0,870037.3,6433.15,2795833.24,1778564.0,88134.28,13923373.21,445583.14,47487.04,1080284.63,48646.19,29563220.18
관악구,2009,8245225.45,0.0,866438.85,8948.84,2791054.53,1754994.66,89957.76,14114027.33,516840.54,47487.03,1078328.41,49916.76,29563220.160000004
관악구,2010,8066178.24,0.0,1229724.27,40150.52,2575123.71,1686498.04,84744.3,13786217.95,575427.66,35615.28,1398527.85,85012.34,29563220.16
관악구,2011,7887131.03,0.0,1593009.7,71352.19,2359192.9,1618001.42,79530.83,13458408.57,634014.78,23743.52,1718727.29,120107.92,29563220.150000002
관악구,2012,7708083.82,0.0,1956295.12,102553.87,2143262.08,1549504.81,74317.37,13130599.19,692601.9,11871.76,2038926.74,155203.5,29563220.159999996
관악구,2013,7529036.61,0.0,2319580.55,133755.55,1927331.26,1481008.19,69103.9,12802789.82,751189.02,0.0,2359126.18,190299.08,29563220.16
관악구,2014,4649834.35,1854.76,1678779.44,224716.13,5067185.8,800646.98,127727.25,13111522.37,1327107.88,14045.01,2492504.78,67295.42,29563220.17
관악구,2015,5542546.51,1391.07,1637003.01,205235.27,4284773.85,897236.27,121376.51,13127906.1,1183542.95,11807.81,2477301.41,73099.37,29563220.129999995
관악구,2016,6435258.67,927.38,1595226.59,185754.42,3502361.91,993825.56,115025.78,13144289.83,1039978.03,9570.61,2462098.05,78903.32,29563220.150000002
관악구,2017,7327970.83,463.69,1553450.16,166273.57,2719949.97,1090414.85,108675.04,13160673.56,896413.11,7333.42,2446894.68,84707.28,29563220.160000004
관악구,2018,8220682.99,0.0,1511673.74,146792.72,1937538.03,1187004.14,102324.3,13177057.29,752848.19,5096.22,2431691.32,90511.23,29563220.17
관악구,2019,4572291.49,2493.62,1673471.15,251739.94,5097101.65,851310.0,130461.26,13066945.14,1364869.05,14045.01,2471217.63,67274.24,29563220.18
관악구,2020,4587098.92,1854.76,1675914.78,246320.99,5093328.66,839100.45,122224.25,13029511.85,1374713.99,14045.01,2511842.83,67263.68,29563220.169999994
관악구,2021,4579592.2,1854.76,1670916.03,266401.42,5136596.61,862493.79,126857.39,13040302.26,1398898.85,14045.01,2398406.59,66855.26,29563220.170000006
관악구,2022,4556164.13,1854.76,1670713.5,267382.0,5131070.95,865366.9,125908.22,13040302.26,1396048.22,14045.01,2427508.96,66855.26,29563220.17
관악구,2023,3008309.53,666.27,1203582.78,257376.23,7368345.66,726477.51,118902.24,12978601.72,1351205.38,14301.44,2470223.51,65227.9,29563220.17
관악구,2024,2992388.72,666.27,1195157.98,251377.0,7356163.04,743759.45,112463.17,12950091.25,1373754.71,14257.39,2507836.81,65304.36,29563220.150000002
광진구,2000,7882343.11,25485.41,463514.02,0.0,991319.4,2114947.76,0.0,3263023.44,12765.7,7056.91,496558.49,1778916.93,17035931.17
광진구,2001,7504467.36,25556.2,675396.55,71957.95,1152034.06,2046698.3,2945.86,3187615.11,108376.91,6048.78,482419.19,1772414.92,17035931.189999998
광진구,2002,7126591.61,25626.98,887279.07,143915.89,1312748.71,1978448.83,5891.73,3112206.78,203988.12,5040.65,468279.89,1765912.91,17035931.17
광진구,2003,6748715.86,25697.77,1099161.6,215873.84,1473463.36,1910199.36,8837.59,3036798.45,299599.33,4032.52,454140.59,1759410.91,17035931.179999996
광진구,2004,6370840.11,25768.55,1311044.12,287831.79,1634178.02,1841949.9,11783.46,2961390.12,395210.54,3024.39,440001.29,1752908.9,17035931.189999998
광진구,2005,5992964.36,25839.34,1522926.65,359789.73,1794892.67,1773700.43,14729.32,2885981.8,490821.75,2016.26,425861.99,1746406.89,17035931.19
광진구,2006,5615088.61,25910.12,1734809.17,431747.68,1955607.33,1705450.96,17675.19,2810573.47,586432.96,1008.13,411722.69,1739904.88,17035931.19
광진구,2007,5237212.86,25980.91,1946691.7,503705.63,2116321.98,1637201.5,20621.05,2735165.14,682044.17,0.0,397583.39,1733402.87,17035931.200000003
광진구,2008,5253739.76,25980.91,1946691.77,500345.28,2110125.38,1616752.58,20621.04,2730378.37,691960.33,0.0,405932.92,1733402.85,17035931.19
광진구,2009,5270266.66,25980.9,1946691.85,496984.93,2103928.78,1596303.66,20621.04,2725591.6,701876.5,0.0,414282.45,1733402.82,17035931.189999998
광진구,2010,5296504.12,21229.77,2048701.99,455940.24,2106897.64,1438360.17,19513.34,2603359.44,844325.1,0.0,467130.91,1733968.51,17035931.23
광진구,2011,5322741.58,16478.64,2150712.13,414895.55,2109866.51,1280416.67,18405.65,2481127.28,986773.7,0.0,519979.38,1734534.2,17035931.29
광진구,2012,5348979.04,11727.52,2252722.28,373850.86,2112835.37,1122473.18,17297.96,2358895.12,1129222.3,0.0,572827.84,1735099.88,17035931.35
광진구,2013,5375216.5,6976.39,2354732.42,332806.17,2115804.23,964529.68,16190.27,2236662.96,1271670.91,0.0,625676.31,1735665.57,17035931.409999996
광진구,2014,3343364.51,6721.2,1391067.39,224587.97,5029430.66,591905.23,36683.3,2278134.9,1606545.81,20037.78,782728.36,1724724.09,17035931.200000003
광진구,2015,3990643.64,6389.86,1448128.53,242580.3,4298749.46,625664.28,36930.23,2297109.86,1530574.22,16801.97,810789.46,1731569.39,17035931.2
광진구,2016,4637922.78,6058.52,1505189.67,260572.62,3568068.26,659423.33,37177.15,2316084.82,1454602.63,13566.16,838850.55,1738414.69,17035931.180000003
광진구,2017,5285201.91,5727.18,1562250.81,278564.95,2837387.06,693182.39,37424.08,2335059.79,1378631.04,10330.35,866911.64,1745259.99,17035931.19
광진구,2018,5932481.05,5395.84,1619311.95,296557.28,2106705.86,726941.44,37671.01,2354034.75,1302659.46,7094.54,894972.73,1752105.29,17035931.2
광진구,2019,3317241.53,6721.2,1380244.74,226068.03,5025872.69,601357.82,35935.39,2239217.34,1635794.64,20037.78,822715.49,1724724.56,17035931.21
광진구,2020,3324555.33,6721.19,1388425.26,243999.97,5024808.42,604507.46,35935.39,2239132.49,1645320.88,20037.77,777762.16,1724724.93,17035931.25
광진구,2021,3295789.7,5360.92,1357907.48,244021.24,5053224.24,610919.35,26715.64,2229091.97,1639640.85,20037.78,825335.88,1727886.14,17035931.19
광진구,2022,3307599.83,4497.47,1344696.46,262963.6,4994625.18,543008.19,19795.31,2384810.22,1550216.75,20037.78,876288.17,1727392.21,17035931.169999998
광진구,2023,2176375.96,1067.48,1122900.17,249645.45,6660467.57,603294.16,23263.53,2188421.28,1485318.39,19978.64,778907.01,1726291.55,17035931.19
광진구,2024,2189818.11,1067.48,1130092.17,265346.77,6589052.07,611856.0,23263.53,2197779.14,1493188.76,14661.49,804486.98,1715318.7,17035931.2
구로구,2000,8957068.76,1937121.8,847993.63,63354.12,1270750.12,1525544.45,1099055.47,3297172.71,164895.48,35810.39,545950.39,338643.46,20083360.78
구로구,2001,8630187.54,1769619.04,964045.55,63244.31,1540432.03,1479229.78,1150905.25,3295617.33,222270.86,58911.93,575577.89,333319.27,20083360.779999997
구로구,2002,8303306.32,1602116.27,1080097.47,63134.49,1810113.94,1432915.11,1202755.04,3294061.96,279646.23,82013.47,605205.4,327995.09,20083360.79
구로구,2003,7976425.1,1434613.5,1196149.39,63024.67,2079795.84,1386600.43,1254604.83,3292506.58,337021.61,105115.0,634832.9,322670.9,20083360.749999996
구로구,2004,7649543.88,1267110.74,1312201.31,62914.85,2349477.75,1340285.76,1306454.61,3290951.2,394396.99,128216.54,664460.4,317346.72,20083360.749999993
구로구,2005,7322662.66,1099607.97,1428253.24,62805.03,2619159.66,1293971.09,1358304.4,3289395.83,451772.37,151318.08,694087.91,312022.53,20083360.770000003
구로구,2006,6995781.44,932105.2,1544305.16,62695.21,2888841.57,1247656.42,1410154.18,3287840.45,509147.75,174419.62,723715.41,306698.35,20083360.760000005
구로구,2007,6668900.22,764602.44,1660357.08,62585.4,3158523.47,1201341.75,1462003.97,3286285.08,566523.13,197521.16,753342.91,301374.16,20083360.770000003
구로구,2008,6650167.86,756846.18,1651255.55,46794.91,3166536.67,1364175.75,1258043.19,3343215.22,710947.34,183739.71,894451.13,310584.2,20336757.709999997
구로구,2009,6631435.5,749089.93,1642154.03,31004.42,3174549.86,1527009.75,1054082.41,3400145.37,855371.54,169958.26,1035559.35,319794.24,20590154.66
구로구,2010,6680628.12,698630.62,1771310.46,44965.1,3102227.35,1354103.63,983117.14,3408644.96,894236.14,153555.56,1049645.37,322391.74,20463456.189999998
구로구,2011,6729820.74,648171.3,1900466.89,58925.78,3029904.84,1181197.52,912151.87,3417144.55,933100.74,137152.86,1063731.38,324989.24,20336757.709999993
구로구,2012,6779013.36,597711.99,2029623.33,72886.47,2957582.33,1008291.4,841186.6,3425644.15,971965.33,120750.16,1077817.4,327586.74,20210059.259999994
구로구,2013,6828205.98,547252.68,2158779.76,86847.15,2885259.82,835385.28,770221.33,3434143.74,1010829.93,104347.46,1091903.41,330184.23,20083360.770000003
구로구,2014,2856566.58,229016.5,1822188.75,139830.25,6516937.61,479719.48,706756.97,3517579.77,2219408.28,59370.16,1269246.63,266739.73,20083360.71
구로구,2015,3791301.2,267531.08,1887905.72,126942.12,5631511.07,544479.16,722361.11,3507037.33,1983779.58,57303.54,1284775.2,278433.63,20083360.74
구로구,2016,4726035.81,306045.66,1953622.68,114054.0,4746084.52,609238.85,737965.25,3496494.88,1748150.87,55236.93,1300303.76,290127.53,20083360.740000002
구로구,2017,5660770.42,344560.24,2019339.65,101165.87,3860657.98,673998.54,753569.39,3485952.44,1512522.16,53170.31,1315832.33,301821.42,20083360.75
구로구,2018,6595505.03,383074.82,2085056.61,88277.75,2975231.44,738758.23,769173.53,3475409.99,1276893.46,51103.69,1331360.89,313515.32,20083360.76
구로구,2019,2867983.53,196247.02,1867277.83,175363.58,6792424.77,497640.2,414222.73,3497951.07,2374284.33,37476.98,1104041.49,258447.23,20083360.76
구로구,2020,2916289.46,197094.45,1858047.56,181952.66,6821720.58,497056.03,409527.07,3471077.43,2357998.61,58224.9,1055641.05,258731.03,20083360.830000002
구로구,2021,2940125.65,190716.72,1869392.7,198204.99,6985931.83,509982.5,413517.9,3491469.07,2487264.55,33316.14,704543.83,258894.89,20083360.77
구로구,2022,2930011.09,190721.06,1877266.3,209245.73,7003952.51,514291.21,407482.28,3475474.86,2498964.06,33328.1,683433.18,259190.39,20083360.770000003
구로구,2023,2217095.66,164869.46,1519550.8,249628.32,8371493.39,470453.4,323433.33,3324090.38,2402859.98,33295.95,749774.49,256815.6,20083360.759999998
구로구,2024,2215433.21,156998.54,1549432.95,259756.41,8238959.78,479920.22,324197.57,3347368.51,2423535.09,31245.56,802348.5,254164.45,20083360.79
금천구,2000,6264014.25,1869774.47,184949.88,0.0,679786.79,643611.32,29710.44,2518301.82,53156.26,0.0,481056.42,286388.38,13010750.030000001
금천구,2001,5990304.15,1848700.25,273754.57,0.0,879727.11,616557.82,25466.09,2529420.43,100361.27,10599.22,449189.89,286669.24,13010750.040000001
금천구,2002,5716594.05,1827626.03,362559.25,0.0,1079667.43,589504.33,21221.74,2540539.04,147566.27,21198.44,417323.35,286950.11,13010750.04
금천구,2003,5442883.95,1806551.81,451363.93,0.0,1279607.75,562450.84,16977.39,2551657.64,194771.27,31797.65,385456.82,287230.97,13010750.020000001
금천구,2004,5169173.86,1785477.59,540168.61,0.0,1479548.07,535397.34,12733.05,2562776.25,241976.28,42396.87,353590.29,287511.83,13010750.04
금천구,2005,4895463.76,1764403.38,628973.29,0.0,1679488.39,508343.85,8488.7,2573894.86,289181.28,52996.09,321723.75,287792.7,13010750.049999997
금천구,2006,4621753.66,1743329.16,717777.97,0.0,1879428.71,481290.36,4244.35,2585013.46,336386.28,63595.31,289857.22,288073.56,13010750.04
금천구,2007,4348043.56,1722254.94,806582.65,0.0,2079369.03,454236.87,0.0,2596132.07,383591.29,74194.53,257990.69,288354.42,13010750.049999997
금천구,2008,4241128.11,1681400.75,805189.45,3123.91,2092367.47,454880.95,0.0,2606912.03,381996.92,74194.54,378836.72,290719.19,13010750.04
금천구,2009,4134212.65,1640546.56,803796.25,6247.81,2105365.91,455525.03,0.0,2617692.0,380402.55,74194.56,499682.76,293083.96,13010750.040000001
금천구,2010,4010363.03,1581228.05,1059853.94,14506.19,2021884.76,415201.62,2532.42,2678497.72,413530.47,55645.92,455066.41,302439.5,13010750.030000001
금천구,2011,3886513.41,1521909.54,1315911.63,22764.57,1938403.61,374878.22,5064.84,2739303.45,446658.38,37097.28,410450.06,311795.04,13010750.03
금천구,2012,3762663.8,1462591.03,1571969.32,31022.96,1854922.47,334554.81,7597.26,2800109.17,479786.3,18548.64,365833.71,321150.57,13010750.040000003
금천구,2013,3638814.18,1403272.52,1828027.01,39281.34,1771441.32,294231.41,10129.68,2860914.9,512914.21,0.0,321217.36,330506.11,13010750.04
금천구,2014,1911936.39,415240.59,1529116.08,77261.28,4249964.98,244832.31,21887.8,2849602.04,850975.0,14713.25,579629.5,265590.81,13010750.030000003
금천구,2015,2353528.84,540617.24,1627824.94,71758.37,3638407.56,250544.05,17887.03,2859049.62,804813.29,11034.94,556185.39,279098.76,13010750.029999997
금천구,2016,2795121.29,665993.9,1726533.81,66255.45,3026850.13,256255.78,13886.27,2868497.21,758651.59,7356.63,532741.29,292606.7,13010750.05
금천구,2017,3236713.74,791370.55,1825242.67,60752.54,2415292.7,261967.51,9885.5,2877944.79,712489.88,3678.31,509297.19,306114.65,13010750.030000001
금천구,2018,3678306.19,916747.21,1923951.53,55249.63,1803735.28,267679.25,5884.73,2887392.37,666328.18,0.0,485853.09,319622.6,13010750.06
금천구,2019,1922682.58,366071.42,1545411.62,86616.84,4402040.68,258723.52,15444.73,2653592.22,948407.14,14713.25,532402.87,264643.15,13010750.020000001
금천구,2020,1931593.56,325904.39,1572934.41,89901.58,4408841.31,258432.36,10917.54,2665080.73,963849.11,3111.13,515594.35,264589.57,13010750.04
금천구,2021,1955597.48,321019.17,1537360.76,93444.18,4376704.68,354684.34,14850.33,2561549.2,954779.87,14929.42,563245.29,262585.33,13010750.049999999
금천구,2022,1961052.6,317899.17,1538309.26,94024.45,4367503.73,264168.27,14850.33,2684286.19,921317.07,14929.42,569824.21,262585.33,13010750.03
금천구,2023,1440055.38,232473.78,1320626.16,97844.77,5293166.44,238266.04,19696.25,2677018.0,854966.43,14424.17,563046.54,259166.07,13010750.030000001
금천구,2024,1442245.69,214152.01,1326461.43,96987.73,5254657.17,245320.58,23642.65,2665051.27,850523.46,14407.44,618125.45,259175.15,13010750.029999997
노원구,2000,11120149.09,136386.0,872370.72,0.0,1260403.04,4285635.21,356632.95,13641225.61,605788.47,0.0,2746973.67,538426.58,35563991.339999996
노원구,2001,10632164.87,120660.65,1121117.77,27873.2,1579089.63,4080502.04,391177.54,13806470.55,796358.58,4927.1,2474290.37,529359.04,35563991.339999996
노원구,2002,10144180.66,104935.29,1369864.82,55746.41,1897776.22,3875368.88,425722.14,13971715.49,986928.69,9854.19,2201607.07,520291.5,35563991.36000001
노원구,2003,9656196.44,89209.94,1618611.87,83619.61,2216462.81,3670235.71,460266.73,14136960.43,1177498.79,14781.29,1928923.77,511223.95,35563991.34
노원구,2004,9168212.22,73484.59,1867358.92,111492.81,2535149.4,3465102.55,494811.32,14302205.38,1368068.9,19708.39,1656240.47,502156.41,35563991.36
노원구,2005,8680228.0,57759.23,2116105.97,139366.02,2853835.99,3259969.38,529355.91,14467450.32,1558639.0,24635.49,1383557.17,493088.87,35563991.35
노원구,2006,8192243.79,42033.88,2364853.02,167239.22,3172522.58,3054836.22,563900.5,14632695.26,1749209.11,29562.58,1110873.87,484021.32,35563991.349999994
노원구,2007,7704259.57,26308.52,2613600.07,195112.42,3491209.17,2849703.05,598445.09,14797940.2,1939779.21,34489.68,838190.57,474953.78,35563991.33
노원구,2008,7755648.06,33641.68,2558578.61,198777.49,3533176.67,2688061.7,557132.17,14954624.13,1900052.98,32690.53,873665.29,477942.03,35563991.34
노원구,2009,7807036.55,40974.83,2503557.16,202442.55,3575144.17,2526420.35,515819.24,15111308.06,1860326.76,30891.39,909140.02,480930.28,35563991.36
노원구,2010,7896918.41,30732.16,2325896.58,236798.67,3562796.71,2539857.39,475979.87,14981103.79,1981014.46,24569.72,1018665.96,489657.62,35563991.339999996
노원구,2011,7986800.27,20489.49,2148236.01,271154.79,3550449.25,2553294.43,436140.5,14850899.53,2101702.17,18248.05,1128191.91,498384.95,35563991.349999994
노원구,2012,8076682.13,10246.82,1970575.43,305510.9,3538101.8,2566731.48,396301.13,14720695.27,2222389.88,11926.38,1237717.85,507112.29,35563991.36000001
노원구,2013,8166563.99,4.14,1792914.86,339867.02,3525754.34,2580168.52,356461.75,14590491.01,2343077.58,5604.71,1347243.8,515839.62,35563991.339999996
노원구,2014,2461772.55,14721.49,1211171.49,419146.17,8553913.95,1008216.79,389458.26,15098573.79,4264857.44,37258.81,1734854.06,370046.69,35563991.489999995
노원구,2015,3796567.39,11840.5,1263306.87,403764.45,7335369.68,1248454.85,383746.71,15039078.2,3965925.73,34613.97,1671166.06,410157.05,35563991.45999999
노원구,2016,5131362.22,8959.52,1315442.26,388382.73,6116825.41,1488692.91,378035.15,14979582.61,3666994.03,31969.13,1607478.05,450267.4,35563991.419999994
노원구,2017,6466157.06,6078.53,1367577.65,373001.0,4898281.14,1728930.97,372323.6,14920087.02,3368062.32,29324.29,1543790.05,490377.75,35563991.379999995
노원구,2018,7800951.89,3197.55,1419713.04,357619.28,3679736.87,1969169.03,366612.04,14860591.43,3069130.61,26679.46,1480102.05,530488.1,35563991.349999994
노원구,2019,2402072.12,14313.17,1183818.67,520015.68,8456193.32,996821.57,312757.95,15174898.49,4332859.0,33921.96,1765561.08,370758.33,35563991.339999996
노원구,2020,2401133.72,13635.91,1177225.91,466295.03,8417301.3,981087.68,314035.33,15206708.73,4252632.62,32177.31,1932505.09,369252.57,35563991.2
노원구,2021,2383993.9,14313.17,1173013.58,524227.02,8482136.78,1000149.42,302925.16,15143817.45,4496639.01,34092.1,1643099.63,365584.13,35563991.35
노원구,2022,2404508.21,14313.17,1173095.17,562689.3,8718767.84,1083941.19,302349.26,14359622.03,4916698.35,34478.36,1626222.41,367306.04,35563991.32999999
노원구,2023,1910162.69,5295.36,982139.22,515587.46,9706535.29,917497.05,315116.81,15007068.89,4293615.22,35033.71,1512007.12,363932.53,35563991.35
노원구,2024,1902296.56,4368.56,1034587.64,538206.32,9521559.12,939320.82,312126.84,15004007.0,4287261.64,35033.71,1623238.85,361984.29,35563991.35
도봉구,2000,7508370.67,360814.35,314537.67,0.0,439901.19,1119325.6,497127.03,9319371.26,391563.61,0.0,473141.67,265230.78,20689383.83
도봉구,2001,7106660.78,309922.04,565357.23,9256.45,642797.56,1066841.15,518945.18,9329265.41,439288.24,1318.33,436258.58,263472.89,20689383.839999996
도봉구,2002,6704950.88,259029.73,816176.8,18512.9,845693.93,1014356.7,540763.34,9339159.55,487012.88,2636.65,399375.49,261715.0,20689383.849999994
도봉구,2003,6303240.99,208137.42,1066996.36,27769.34,1048590.29,961872.25,562581.49,9349053.69,534737.51,3954.98,362492.39,259957.11,20689383.82
도봉구,2004,5901531.1,157245.11,1317815.92,37025.79,1251486.66,909387.8,584399.65,9358947.84,582462.14,5273.3,325609.3,258199.22,20689383.830000002
도봉구,2005,5499821.2,106352.8,1568635.48,46282.24,1454383.03,856903.35,606217.81,9368841.98,630186.77,6591.63,288726.21,256441.33,20689383.83
도봉구,2006,5098111.31,55460.5,1819455.05,55538.69,1657279.4,804418.9,628035.96,9378736.12,677911.4,7909.95,251843.11,254683.44,20689383.83
도봉구,2007,4696401.42,4568.19,2070274.61,64795.13,1860175.77,751934.45,649854.12,9388630.27,725636.03,9228.28,214960.02,252925.55,20689383.840000004
도봉구,2008,4744250.31,4568.2,2043326.07,41644.98,1860175.72,743050.85,570565.3,9360669.83,710623.64,9023.63,345146.5,256338.8,20689383.830000002
도봉구,2009,4792099.21,4568.2,2016377.53,18494.83,1860175.68,734167.24,491276.49,9332709.4,695611.24,8818.97,475332.98,259752.06,20689383.83
도봉구,2010,5001745.01,6719.2,1809718.71,50405.89,1864795.37,763910.78,453560.1,9236634.89,704433.12,8558.31,524473.24,264429.22,20689383.839999996
도봉구,2011,5211390.82,8870.19,1603059.89,82316.96,1869415.05,793654.31,415843.71,9140560.38,713255.0,8297.66,573613.49,269106.37,20689383.830000002
도봉구,2012,5421036.62,11021.18,1396401.07,114228.02,1874034.74,823397.85,378127.32,9044485.87,722076.88,8037.0,622753.75,273783.53,20689383.83
도봉구,2013,5630682.42,13172.17,1189742.25,146139.09,1878654.42,853141.38,340410.93,8948411.37,730898.76,7776.34,671894.01,278460.69,20689383.830000006
도봉구,2014,2242204.36,31493.65,968171.5,130575.04,4905091.62,443261.66,384445.28,9005377.12,1325821.37,65370.55,1055452.29,132119.38,20689383.819999997
도봉구,2015,3067822.35,29340.89,969370.36,133104.51,4152097.17,507112.73,391673.36,9048278.21,1174758.85,63185.38,1011241.62,141398.39,20689383.82
도봉구,2016,3893440.34,27188.14,970569.22,135633.99,3399102.73,570963.81,398901.44,9091179.29,1023696.32,61000.21,967030.94,150677.39,20689383.820000004
도봉구,2017,4719058.34,25035.38,971768.08,138163.46,2646108.28,634814.89,406129.53,9134080.38,872633.8,58815.04,922820.26,159956.39,20689383.830000002
도봉구,2018,5544676.33,22882.62,972966.94,140692.94,1893113.84,698665.96,413357.61,9176981.46,721571.28,56629.86,878609.59,169235.4,20689383.830000002
도봉구,2019,2283264.44,29995.68,969911.01,175024.07,4882389.53,461815.6,308237.67,8973665.73,1404849.33,70188.5,989235.66,140806.6,20689383.820000004
도봉구,2020,2246029.67,31493.65,965329.35,147944.12,4908892.34,444919.8,328729.3,9007803.29,1364851.09,64198.29,1047808.99,131383.78,20689383.669999998
도봉구,2021,2294412.16,22905.84,960719.84,166930.43,4888993.2,465638.55,294534.99,8964055.88,1402209.44,70188.49,1017988.39,140806.6,20689383.810000002
도봉구,2022,2292884.37,22905.84,959390.17,167950.69,4880724.65,461810.75,282150.2,8961881.4,1405667.27,70188.49,1043023.39,140806.6,20689383.82
도봉구,2023,1754049.31,14992.96,785965.73,172063.11,5771218.78,412647.14,271636.48,8898585.14,1399395.35,67630.73,1002229.2,138969.89,20689383.820000004
도봉구,2024,1753319.99,14595.87,799376.38,175688.22,5726288.88,422262.11,269993.78,8896461.38,1381508.72,67630.73,1044127.77,138130.0,20689383.83
동대문구,2000,8821007.51,0.0,917140.02,0.0,1173178.54,1735156.48,0.0,1191014.91,6413.14,63758.85,274317.22,84383.75,14266370.420000002
동대문구,2001,8404930.47,346.51,1049870.44,7100.09,1327612.76,1861050.47,1977.1,1126203.3,45447.15,62120.6,278510.67,101200.86,14266370.42
동대문구,2002,7988853.44,693.03,1182600.87,14200.18,1482046.99,1986944.46,3954.19,1061391.7,84481.16,60482.34,282704.12,118017.96,14266370.439999998
동대문구,2003,7572776.4,1039.54,1315331.29,21300.27,1636481.21,2112838.45,5931.29,996580.09,123515.17,58844.08,286897.57,134835.07,14266370.43
동대문구,2004,7156699.37,1386.06,1448061.71,28400.36,1790915.44,2238732.43,7908.38,931768.49,162549.18,57205.82,291091.02,151652.17,14266370.43
동대문구,2005,6740622.33,1732.57,1580792.14,35500.45,1945349.66,2364626.42,9885.48,866956.88,201583.19,55567.56,295284.47,168469.28,14266370.430000002
동대문구,2006,6324545.29,2079.08,1713522.56,42600.54,2099783.89,2490520.41,11862.57,802145.28,240617.2,53929.3,299477.92,185286.38,14266370.42
동대문구,2007,5908468.26,2425.6,1846252.98,49700.62,2254218.11,2616414.4,13839.67,737333.67,279651.21,52291.04,303671.37,202103.49,14266370.42
동대문구,2008,5780503.54,2425.59,1850347.55,37868.71,2294560.4,2457637.18,13548.08,841776.46,365566.92,26145.52,414692.1,181298.36,14266370.409999996
동대문구,2009,5652538.82,2425.59,1854442.11,26036.79,2334902.7,2298859.97,13256.49,946219.25,451482.64,0.0,525712.83,160493.24,14266370.430000003
동대문구,2010,5665034.87,1819.19,2028607.33,48604.65,2330295.8,2104267.43,10744.25,938758.83,466491.37,0.0,514439.93,157306.85,14266370.499999998
동대문구,2011,5677530.93,1212.8,2202772.55,71172.51,2325688.9,1909674.89,8232.01,931298.41,481500.1,0.0,503167.03,154120.46,14266370.59
동대문구,2012,5690026.98,606.4,2376937.77,93740.37,2321082.0,1715082.36,5719.76,923837.99,496508.83,0.0,491894.13,150934.06,14266370.65
동대문구,2013,5702523.04,0.0,2551102.99,116308.23,2316475.1,1520489.82,3207.52,916377.57,511517.56,0.0,480621.23,147747.67,14266370.730000002
동대문구,2014,3161385.24,14316.17,2233500.14,152382.41,4959890.3,556354.15,6760.33,984461.4,1409075.39,16844.34,656166.42,115234.15,14266370.440000003
동대문구,2015,3902595.04,10737.12,2250552.9,142374.2,4306628.12,664496.63,6244.35,999148.27,1224719.05,13782.38,624823.56,120268.8,14266370.420000004
동대문구,2016,4643804.85,7158.08,2267605.66,132365.99,3653365.93,772639.11,5728.37,1013835.14,1040362.71,10720.43,593480.7,125303.45,14266370.419999998
동대문구,2017,5385014.65,3579.04,2284658.43,122357.78,3000103.75,880781.59,5212.39,1028522.01,856006.37,7658.47,562137.85,130338.1,14266370.430000002
동대문구,2018,6126224.46,0.0,2301711.19,112349.57,2346841.57,988924.06,4696.41,1043208.88,671650.04,4596.52,530794.99,135372.74,14266370.430000003
동대문구,2019,2988114.66,14316.17,2207974.1,171247.81,5073927.67,568956.48,6590.98,983563.97,1603487.5,16844.34,516884.13,114462.62,14266370.430000002
동대문구,2020,2988089.82,17627.82,2204381.73,171247.82,5066189.59,568634.67,6590.98,983563.84,1603139.83,16844.37,525597.17,114462.59,14266370.229999999
동대문구,2021,2918869.95,12751.88,2140399.85,174927.42,5096043.73,564899.28,6590.98,983439.87,1629459.78,16844.34,607680.72,114462.62,14266370.419999998
동대문구,2022,2726108.5,11310.73,2099271.63,218198.4,5093366.4,583626.53,5476.46,975803.76,1649690.2,16844.34,772210.85,114462.62,14266370.419999998
동대문구,2023,1874382.45,4891.51,1592962.39,211103.47,6654484.63,516251.23,12890.27,964818.92,1518655.45,15577.92,786122.34,114229.85,14266370.429999998
동대문구,2024,1882524.6,4896.63,1624931.74,214238.7,6640315.23,542719.19,12868.25,963888.5,1538775.6,15577.92,711404.21,114229.85,14266370.42
동작구,2000,9836650.55,18321.99,773839.18,10508.77,813644.36,1323303.26,440210.5,2324935.44,223248.0,0.0,286079.86,312875.31,16363617.219999999
동작구,2001,9595573.56,15704.57,761068.18,14218.5,1028241.62,1318685.84,377323.29,2334211.94,294738.01,0.0,311327.96,312523.79,16363617.259999998
동작구,2002,9354496.58,13087.14,748297.17,17928.22,1242838.87,1314068.42,314436.07,2343488.44,366228.01,0.0,336576.07,312172.27,16363617.26
동작구,2003,9113419.59,10469.71,735526.16,21637.95,1457436.13,1309451.0,251548.86,2352764.94,437718.01,0.0,361824.17,311820.75,16363617.269999998
동작구,2004,8872342.61,7852.28,722755.15,25347.67,1672033.39,1304833.58,188661.64,2362041.44,509208.02,0.0,387072.27,311469.23,16363617.28
동작구,2005,8631265.62,5234.86,709984.15,29057.4,1886630.64,1300216.16,125774.43,2371317.94,580698.02,0.0,412320.38,311117.71,16363617.31
동작구,2006,8390188.64,2617.43,697213.14,32767.12,2101227.9,1295598.74,62887.21,2380594.44,652188.03,0.0,437568.48,310766.19,16363617.32
동작구,2007,8149111.66,0.0,684442.13,36476.85,2315825.16,1290981.32,0.0,2389870.93,723678.03,0.0,462816.58,310414.67,16363617.33
동작구,2008,7957171.04,0.0,681754.41,27166.34,2293277.78,1805168.48,0.0,2447600.32,851400.9,0.0,641446.17,306726.2,17011711.64
동작구,2009,7765230.42,0.0,679066.7,17855.83,2270730.4,2319355.63,0.0,2505329.71,979123.77,0.0,820075.76,303037.74,17659805.96
동작구,2010,7543024.56,631.54,918734.75,30118.3,2191622.05,1959577.36,4582.03,2532394.35,1085427.56,0.0,766699.76,302946.54,17335758.799999997
동작구,2011,7320818.7,1263.08,1158402.79,42380.77,2112513.7,1599799.09,9164.06,2559458.99,1191731.35,0.0,713323.76,302855.35,17011711.64
동작구,2012,7098612.85,1894.62,1398070.84,54643.24,2033405.35,1240020.82,13746.09,2586523.64,1298035.15,0.0,659947.76,302764.15,16687664.510000002
동작구,2013,6876406.99,2526.15,1637738.89,66905.71,1954296.99,880242.55,18328.12,2613588.28,1404338.94,0.0,606571.76,302672.95,16363617.33
동작구,2014,3684814.3,2700.97,1252038.4,151077.8,4694609.02,493329.87,41003.89,2785566.06,2170555.13,10724.0,775425.5,301772.4,16363617.339999998
동작구,2015,4459853.49,2025.73,1275419.29,130245.4,4011803.9,552746.54,34150.38,2799617.87,2010777.09,9891.62,776191.01,300895.03,16363617.35
동작구,2016,5234892.67,1350.49,1298800.17,109413.0,3328998.79,612163.2,27296.88,2813669.67,1850999.06,9059.24,776956.51,300017.66,16363617.340000002
동작구,2017,6009931.86,675.24,1322181.05,88580.6,2646193.67,671579.87,20443.37,2827721.48,1691221.02,8226.85,777722.02,299140.28,16363617.309999997
동작구,2018,6784971.05,0.0,1345561.94,67748.21,1963388.55,730996.54,13589.86,2841773.29,1531442.98,7394.47,778487.53,298262.91,16363617.329999998
동작구,2019,3520166.71,2700.97,1222631.95,186625.2,4797655.99,498900.13,28247.86,2784539.99,2327569.74,10663.88,685924.55,297990.37,16363617.340000002
동작구,2020,3517575.81,3145.14,1224562.74,199140.93,4802667.28,512698.84,29639.05,2781071.89,2328030.05,10723.99,652908.96,301452.02,16363616.7
동작구,2021,3498964.76,2700.97,1214489.32,202540.9,4873240.33,509249.79,27139.39,2783450.53,2401298.47,10723.99,538366.85,301452.03,16363617.33
동작구,2022,3490592.75,2700.97,1214750.21,202820.9,4881262.22,510118.46,26118.8,2766444.15,2391642.9,10723.99,564989.95,301452.03,16363617.330000002
동작구,2023,2428204.09,2615.92,951703.13,199951.62,6502400.85,439676.25,27023.11,2721121.03,2329087.07,10669.87,456266.08,294898.32,16363617.339999998
동작구,2024,2422604.15,2640.12,961183.21,217899.88,6399810.89,447383.63,26564.11,2690834.29,2373105.47,10669.87,512025.07,298896.65,16363617.340000002
마포구,2000,9603826.4,67755.03,1038844.46,564271.37,2008872.64,2060748.63,769237.59,589479.05,1666275.91,112197.08,1206976.06,4156333.98,23844818.2
마포구,2001,9285246.37,58075.74,1076028.63,514535.48,2396646.22,2006446.3,701931.39,595631.65,1843748.34,98791.39,1090551.51,4177185.19,23844818.210000005
마포구,2002,8966666.34,48396.45,1113212.8,464799.59,2784419.8,1952143.97,634625.19,601784.24,2021220.76,85385.71,974126.96,4198036.4,23844818.21
마포구,2003,8648086.31,38717.16,1150396.97,415063.7,3172193.39,1897841.64,567318.99,607936.84,2198693.19,71980.02,857702.41,4218887.62,23844818.240000002
마포구,2004,8329506.28,29037.87,1187581.13,365327.82,3559966.97,1843539.32,500012.79,614089.44,2376165.61,58574.33,741277.85,4239738.83,23844818.240000002
마포구,2005,8010926.25,19358.58,1224765.3,315591.93,3947740.55,1789236.99,432706.59,620242.03,2553638.04,45168.64,624853.3,4260590.04,23844818.24
마포구,2006,7692346.22,9679.29,1261949.47,265856.04,4335514.14,1734934.66,365400.39,626394.63,2731110.46,31762.96,508428.75,4281441.25,23844818.26
마포구,2007,7373766.19,0.0,1299133.63,216120.15,4723287.72,1680632.33,298094.19,632547.23,2908582.88,18357.27,392004.2,4302292.46,23844818.25
마포구,2008,7256229.36,0.0,1305159.12,175325.04,4667105.21,3615629.49,210342.48,659565.39,3214076.47,23244.91,601964.38,4301474.08,26030115.93
마포구,2009,7138692.53,0.0,1311184.61,134529.92,4610922.71,5550626.64,122590.77,686583.55,3519570.06,28132.55,811924.56,4300655.69,28215413.59
마포구,2010,6916746.0,0.0,1750091.22,143344.39,4380131.59,4413131.93,92882.88,686546.68,3568100.19,39057.59,862927.81,4269804.37,27122764.650000002
마포구,2011,6694799.47,0.0,2188997.83,152158.85,4149340.48,3275637.23,63174.99,686509.8,3616630.32,49982.64,913931.06,4238953.06,26030115.73
마포구,2012,6472852.94,0.0,2627904.44,160973.32,3918549.36,2138142.53,33467.11,686472.93,3665160.46,60907.68,964934.32,4208101.75,24937466.84
마포구,2013,6250906.41,0.0,3066811.05,169787.79,3687758.25,1000647.83,3759.22,686436.06,3713690.59,71832.73,1015937.57,4177250.43,23844817.930000003
마포구,2014,3164791.61,795.02,1729679.43,238328.31,7654352.66,507059.18,26811.96,814667.84,4211409.15,131196.1,1186691.96,4179035.05,23844818.270000003
마포구,2015,3973337.75,596.26,1931699.13,222239.35,6700523.28,565377.07,23247.37,821037.16,4121820.64,116760.6,1191414.2,4176765.44,23844818.25
마포구,2016,4781883.9,397.51,2133718.82,206150.38,5746693.9,623694.95,19682.78,827406.48,4032232.13,102325.11,1196136.44,4174495.84,23844818.240000002
마포구,2017,5590430.05,198.75,2335738.52,190061.42,4792864.52,682012.84,16118.19,833775.8,3942643.62,87889.62,1200858.68,4172226.24,23844818.25
마포구,2018,6398976.2,0.0,2537758.21,173972.46,3839035.14,740330.72,12553.6,840145.12,3853055.11,73454.13,1205580.92,4169956.64,23844818.25
마포구,2019,2935569.56,795.02,1726445.28,259965.09,7840071.64,507766.62,26376.09,749234.31,4520288.51,131124.99,964987.61,4181728.86,23844353.579999994
마포구,2020,2910943.24,0.0,1746475.69,272824.08,7879632.42,523334.2,23484.35,749870.99,4604151.59,131462.34,824284.37,4178354.99,23844818.259999998
마포구,2021,2940856.46,0.0,1755670.42,271506.1,7857002.6,517956.6,21424.42,741652.47,4653181.52,127836.39,786154.87,4171576.42,23844818.269999996
마포구,2022,2943634.51,0.0,1784010.55,291615.64,7966006.4,523442.7,15718.94,736614.9,4754858.04,127836.39,549587.71,4151492.48,23844818.26
마포구,2023,2082774.62,5386.64,1609161.62,276750.1,9246116.72,418216.45,61729.47,732875.06,4570057.55,125863.13,568718.75,4147168.15,23844818.259999998
마포구,2024,2094241.42,5452.95,1601449.45,296838.16,9137042.74,469634.73,62361.04,732849.63,4658527.37,125863.14,524210.31,4136347.32,23844818.26
서대문구,2000,8605067.58,0.0,495718.95,0.0,950298.88,2400608.79,0.0,4677101.85,369036.36,72990.81,103883.2,0.0,17674706.419999994
서대문구,2001,8381321.56,0.0,554793.69,0.0,1153699.23,2285812.8,1645.45,4716717.79,354974.27,62563.55,137967.46,25210.61,17674706.41
서대문구,2002,8157575.55,0.0,613868.43,0.0,1357099.58,2171016.81,3290.9,4756333.73,340912.18,52136.29,172051.72,50421.22,17674706.409999996
서대문구,2003,7933829.53,0.0,672943.17,0.0,1560499.93,2056220.82,4936.35,4795949.67,326850.1,41709.03,206135.98,75631.83,17674706.41
서대문구,2004,7710083.51,0.0,732017.91,0.0,1763900.28,1941424.83,6581.8,4835565.6,312788.01,31281.77,240220.24,100842.45,17674706.4
서대문구,2005,7486337.49,0.0,791092.65,0.0,1967300.63,1826628.85,8227.25,4875181.54,298725.92,20854.52,274304.5,126053.06,17674706.41
서대문구,2006,7262591.47,0.0,850167.39,0.0,2170700.98,1711832.86,9872.7,4914797.48,284663.84,10427.26,308388.76,151263.67,17674706.410000004
서대문구,2007,7038845.46,0.0,909242.13,0.0,2374101.33,1597036.87,11518.15,4954413.42,270601.75,0.0,342473.02,176474.28,17674706.41
서대문구,2008,6932101.12,0.0,907606.85,8563.88,2371210.46,2783076.53,11518.15,4962023.14,270797.63,0.0,433719.05,176474.31,18857091.119999997
서대문구,2009,6825356.78,0.0,905971.58,17127.76,2368319.58,3969116.2,11518.15,4969632.86,270993.5,0.0,524965.08,176474.35,20039475.84
서대문구,2010,6820476.87,0.0,1020467.57,29957.94,2191761.28,3338192.27,16342.58,4948078.93,303895.7,0.0,632808.41,146301.96,19448283.509999998
서대문구,2011,6815596.95,0.0,1134963.57,42788.12,2015202.97,2707268.35,21167.01,4926525.0,336797.9,0.0,740651.73,116129.57,18857091.169999998
서대문구,2012,6810717.03,0.0,1249459.56,55618.3,1838644.67,2076344.42,25991.45,4904971.07,369700.1,0.0,848495.06,85957.18,18265898.84
서대문구,2013,6805837.11,0.0,1363955.56,68448.47,1662086.36,1445420.5,30815.88,4883417.14,402602.3,0.0,956338.39,55784.79,17674706.5
서대문구,2014,3395495.85,1373.17,1063792.75,143070.91,5041052.57,553385.59,70756.11,4957636.32,1381916.21,36504.18,993380.14,36342.62,17674706.42
서대문구,2015,4230146.19,1029.88,1089764.72,131335.38,4200023.2,728625.6,63359.45,4974340.09,1191284.88,34695.16,992449.36,37652.49,17674706.4
서대문구,2016,5064796.52,686.59,1115736.7,119599.86,3358993.84,903865.61,55962.8,4991043.85,1000653.56,32886.15,991518.58,38962.36,17674706.419999998
서대문구,2017,5899446.86,343.29,1141708.67,107864.34,2517964.47,1079105.61,48566.14,5007747.62,810022.24,31077.13,990587.8,40272.23,17674706.400000002
서대문구,2018,6734097.2,0.0,1167680.65,96128.82,1676935.11,1254345.62,41169.48,5024451.39,619390.91,29268.12,989657.02,41582.11,17674706.43
서대문구,2019,3113206.3,1373.17,1014955.36,158452.07,5079253.9,558950.24,68608.12,4931522.08,1682188.57,36465.36,993889.59,35183.11,17674047.87
서대문구,2020,3115709.39,708.81,1022485.46,174110.77,5080869.04,579996.56,57996.68,4905264.32,1646709.45,36504.17,1018805.95,35545.8,17674706.4
서대문구,2021,3132445.64,1373.17,1016458.46,192429.29,5139724.57,575671.05,58425.92,4905763.36,1726191.77,36504.18,854173.19,35545.81,17674706.41
서대문구,2022,3105212.33,1373.17,990046.91,195836.61,5194425.6,576696.15,47307.28,4917802.67,1782570.11,36504.18,791385.6,35545.81,17674706.42
서대문구,2023,2260752.05,1715.11,875797.93,191831.28,6428151.48,559394.32,44902.59,4846208.64,1673348.59,35987.08,718493.09,38124.25,17674706.409999996
서대문구,2024,2276110.67,1903.09,882383.34,199903.85,6310135.92,580707.49,43317.53,4873010.14,1750627.91,35498.68,683180.5,37927.29,17674706.409999996
서초구,2000,11735567.89,50031.76,3344862.7,169012.51,2210902.93,4016435.27,4397764.03,17638164.2,442388.64,41585.24,1381362.37,1457252.69,46885330.230000004
서초구,2001,11371841.16,96222.47,3398913.25,163358.89,2427863.58,4006746.2,4349351.56,17669697.71,543647.67,41018.26,1350309.49,1466360.12,46885330.36
서초구,2002,11008114.43,142413.18,3452963.81,157705.27,2644824.22,3997057.12,4300939.08,17701231.22,644906.69,40451.28,1319256.61,1475467.56,46885330.47
서초구,2003,10644387.7,188603.88,3507014.37,152051.66,2861784.87,3987368.05,4252526.61,17732764.73,746165.72,39884.3,1288203.73,1484574.99,46885330.61
서초구,2004,10280660.96,234794.59,3561064.93,146398.04,3078745.52,3977678.98,4204114.14,17764298.24,847424.74,39317.33,1257150.85,1493682.43,46885330.75
서초구,2005,9916934.23,280985.3,3615115.48,140744.42,3295706.16,3967989.9,4155701.67,17795831.74,948683.77,38750.35,1226097.97,1502789.86,46885330.85000001
서초구,2006,9553207.5,327176.0,3669166.04,135090.81,3512666.81,3958300.83,4107289.19,17827365.25,1049942.79,38183.37,1195045.09,1511897.3,46885330.980000004
서초구,2007,9189480.76,373366.71,3723216.6,129437.19,3729627.46,3948611.75,4058876.72,17858898.76,1151201.82,37616.39,1163992.22,1521004.73,46885331.11
서초구,2008,9331556.32,186683.36,3579037.37,213011.82,3854690.67,3471009.62,3799366.6,18283775.57,1475983.08,37616.39,1289191.81,1561249.9,47083172.51
서초구,2009,9473631.88,0.0,3434858.14,296586.45,3979753.88,2993407.49,3539856.47,18708652.38,1800764.35,37616.39,1414391.41,1601495.06,47281013.9
서초구,2010,9091544.84,6355.39,3766951.34,317984.81,4212967.27,2526659.42,3577584.91,18726967.07,1937741.2,28212.29,1371866.47,1617258.16,47182093.169999994
서초구,2011,8709457.81,12710.78,4099044.54,339383.18,4446180.67,2059911.34,3615313.35,18745281.75,2074718.05,18808.19,1329341.52,1633021.25,47083172.43
서초구,2012,8327370.77,19066.18,4431137.74,360781.55,4679394.06,1593163.27,3653041.78,18763596.44,2211694.9,9404.1,1286816.58,1648784.34,46984251.71000001
서초구,2013,7945283.74,25421.57,4763230.94,382179.92,4912607.45,1126415.19,3690770.22,18781911.12,2348671.76,0.0,1244291.64,1664547.44,46885330.99
서초구,2014,3408987.24,15485.59,2995922.7,364632.9,9714077.26,533805.1,2766553.01,19216510.98,4601230.01,118039.33,1742918.35,1407168.69,46885331.16
서초구,2015,4470340.34,18608.9,3258291.05,377345.8,8526677.92,636150.87,2895762.81,19162917.8,4279563.89,105052.69,1711469.75,1443149.36,46885331.17999999
서초구,2016,5531693.44,21732.21,3520659.4,390058.69,7339278.58,738496.64,3024972.62,19109324.62,3957897.76,92066.04,1680021.15,1479130.02,46885331.17
서초구,2017,6593046.53,24855.51,3783027.76,402771.59,6151879.24,840842.41,3154182.42,19055731.45,3636231.63,79079.4,1648572.55,1515110.68,46885331.169999994
서초구,2018,7654399.63,27978.82,4045396.11,415484.49,4964479.9,943188.17,3283392.22,19002138.27,3314565.5,66092.76,1617123.95,1551091.34,46885331.160000004
서초구,2019,3474121.35,12397.32,3147707.16,425884.26,10278559.66,580928.83,1892307.41,19046516.41,5347934.54,136050.77,1163546.81,1379376.59,46885331.11000001
서초구,2020,3468648.21,14342.11,3157278.75,413696.55,10304202.03,595774.54,2068433.73,18796082.81,5257967.78,171304.44,1238685.82,1398914.15,46885330.919999994
서초구,2021,3415744.95,12397.32,3161993.87,440475.93,10288156.71,621044.27,1870413.11,18866951.8,5420483.03,130564.33,1265366.31,1391739.52,46885331.150000006
서초구,2022,3309479.5,12397.32,3126241.8,456323.72,10276196.62,625198.35,1857584.8,18832497.48,5459057.06,129657.37,1409572.65,1391124.47,46885331.14
서초구,2023,2402173.24,11791.0,2368368.31,405434.97,12158053.61,503281.58,2175880.66,18607573.55,5343920.44,123869.91,1399030.05,1385954.48,46885331.79999999
서초구,2024,2353110.74,11763.65,2376244.76,419128.12,11959615.64,515645.93,2116912.65,18544364.97,5167391.13,119565.8,1933645.8,1367941.94,46885331.12999999
성동구,2000,7387377.0,521076.33,946770.8,0.0,1150340.61,2556898.31,0.0,444621.8,26216.11,191008.08,1126177.68,2454006.57,16804493.29
성동구,2001,6907111.47,450455.79,1152616.22,0.0,1377535.63,2577436.34,1926.76,421019.57,266836.24,166017.64,1037602.22,2445935.43,16804493.310000002
성동구,2002,6426845.95,379835.24,1358461.63,0.0,1604730.64,2597974.37,3853.52,397417.33,507456.38,141027.2,949026.75,2437864.29,16804493.3
성동구,2003,5946580.42,309214.69,1564307.05,0.0,1831925.65,2618512.41,5780.28,373815.1,748076.51,116036.75,860451.29,2429793.15,16804493.299999997
성동구,2004,5466314.9,238594.15,1770152.46,0.0,2059120.67,2639050.44,7707.04,350212.87,988696.65,91046.31,771875.83,2421722.01,16804493.33
성동구,2005,4986049.37,167973.6,1975997.87,0.0,2286315.68,2659588.47,9633.79,326610.63,1229316.79,66055.86,683300.36,2413650.87,16804493.29
성동구,2006,4505783.84,97353.06,2181843.29,0.0,2513510.69,2680126.5,11560.55,303008.4,1469936.92,41065.42,594724.9,2405579.73,16804493.3
성동구,2007,4025518.32,26732.51,2387688.7,0.0,2740705.7,2700664.53,13487.31,279406.17,1710557.06,16074.97,506149.44,2397508.59,16804493.3
성동구,2008,3985515.78,26732.51,2395959.45,0.0,2716165.45,2631659.37,9697.33,273973.79,1838966.33,16074.95,511881.1,2397867.24,16804493.3
성동구,2009,3945513.25,26732.51,2404230.2,0.0,2691625.2,2562654.2,5907.35,268541.42,1967375.6,16074.93,517612.76,2398225.88,16804493.299999997
성동구,2010,3946839.2,41223.68,2497792.41,31926.2,2760458.53,2305957.07,4430.51,315729.47,1919519.09,20923.0,574212.66,2385481.4,16804493.220000003
성동구,2011,3948165.16,55714.85,2591354.62,63852.41,2829291.87,2049259.94,2953.67,362917.52,1871662.59,25771.07,630812.57,2372736.92,16804493.189999998
성동구,2012,3949491.11,70206.03,2684916.84,95778.61,2898125.2,1792562.8,1476.84,410105.56,1823806.08,30619.14,687412.47,2359992.45,16804493.130000003
성동구,2013,3950817.06,84697.2,2778479.05,127704.82,2966958.53,1535865.67,0.0,457293.61,1775949.58,35467.22,744012.38,2347247.97,16804493.09
성동구,2014,2086183.94,216917.41,1766769.5,212179.48,5325294.32,807069.52,10909.9,519671.12,2290398.08,120604.83,1083933.85,2364561.37,16804493.32
성동구,2015,2600285.17,195163.3,1888003.93,206373.67,4759879.57,930031.13,8906.88,527594.08,2127501.3,116933.42,1057708.12,2386112.74,16804493.310000002
성동구,2016,3114386.39,173409.19,2009238.36,200567.87,4194464.82,1052992.75,6903.85,535517.04,1964604.53,113262.01,1031482.39,2407664.11,16804493.31
성동구,2017,3628487.62,151655.08,2130472.79,194762.06,3629050.07,1175954.36,4900.82,543440.0,1801707.76,109590.6,1005256.66,2429215.48,16804493.299999997
성동구,2018,4142588.84,129900.97,2251707.22,188956.25,3063635.32,1298915.98,2897.8,551362.96,1638810.98,105919.19,979030.93,2450766.86,16804493.3
성동구,2019,1944246.15,216917.41,1733397.03,247934.88,5639248.09,821324.19,16487.33,504782.7,2748225.29,120604.82,447934.78,2363390.62,16804493.289999995
성동구,2020,1944246.1,216917.41,1733089.9,247934.86,5639555.08,821324.17,16487.33,504782.71,2748225.24,120604.84,447934.81,2363390.99,16804493.44
성동구,2021,1941668.58,194666.87,1736619.75,253798.66,5642475.07,790160.94,16487.33,650972.94,2617284.27,105908.68,506185.3,2348264.9,16804493.29
성동구,2022,1879505.01,191236.69,1723025.82,271375.47,5658760.31,799101.03,16487.33,641424.88,2690807.78,85276.05,507111.51,2340381.42,16804493.3
성동구,2023,1361716.0,97846.99,1393167.78,244145.77,7076680.13,717370.72,14774.48,415850.64,2568039.65,83035.73,498331.05,2333534.36,16804493.300000004
성동구,2024,1359446.89,90403.56,1439688.96,241257.26,6707640.86,716419.7,17934.59,625436.48,2607942.23,80960.95,586789.5,2330572.31,16804493.29
성북구,2000,12164521.29,0.0,571094.84,0.0,705833.05,2385347.15,0.0,7842186.41,49508.64,0.0,811608.79,30121.79,24560221.96
성북구,2001,11723316.37,2221.79,711221.86,14003.51,952568.15,2401254.21,3206.91,7852795.38,87415.8,1797.76,765792.69,44627.49,24560221.919999998
성북구,2002,11282111.45,4443.58,851348.88,28007.02,1199303.26,2417161.28,6413.83,7863404.35,125322.97,3595.52,719976.6,59133.19,24560221.93
성북구,2003,10840906.53,6665.37,991475.9,42010.53,1446038.36,2433068.34,9620.74,7874013.32,163230.13,5393.29,674160.51,73638.88,24560221.899999995
성북구,2004,10399701.61,8887.16,1131602.93,56014.04,1692773.47,2448975.4,12827.66,7884622.29,201137.29,7191.05,628344.42,88144.58,24560221.9
성북구,2005,9958496.69,11108.95,1271729.95,70017.55,1939508.57,2464882.46,16034.57,7895231.26,239044.46,8988.81,582528.33,102650.27,24560221.869999997
성북구,2006,9517291.77,13330.74,1411856.97,84021.06,2186243.68,2480789.53,19241.48,7905840.24,276951.62,10786.57,536712.24,117155.97,24560221.869999997
성북구,2007,9076086.85,15552.53,1551983.99,98024.56,2432978.78,2496696.59,22448.4,7916449.21,314858.79,12584.33,490896.15,131661.67,24560221.849999998
성북구,2008,8928910.21,15552.53,1550572.79,96401.12,2452646.64,2482247.35,19851.06,7865446.72,424248.6,6292.17,674988.37,122316.19,24639473.750000007
성북구,2009,8781733.57,15552.53,1549161.58,94777.67,2472314.5,2467798.11,17253.72,7814444.23,533638.42,0.0,859080.6,112970.72,24718725.650000002
성북구,2010,8934994.49,12717.19,1625699.87,91857.31,2482629.85,2274274.64,17916.97,7775284.51,557156.4,0.0,795068.24,111500.22,24679099.689999998
성북구,2011,9088255.41,9881.85,1702238.16,88936.95,2492945.19,2080751.17,18580.22,7736124.79,580674.39,0.0,731055.88,110029.72,24639473.729999997
성북구,2012,9241516.33,7046.5,1778776.46,86016.59,2503260.53,1887227.7,19243.48,7696965.07,604192.38,0.0,667043.53,108559.23,24599847.799999997
성북구,2013,9394777.25,4211.16,1855314.75,83096.22,2513575.88,1693704.23,19906.73,7657805.36,627710.36,0.0,603031.17,107088.73,24560221.840000004
성북구,2014,5029552.12,5459.45,1377002.93,248991.49,5910231.37,863287.52,76527.29,7593243.23,2550669.17,26530.78,818089.03,60637.58,24560221.96
성북구,2015,6239251.65,4094.59,1297222.64,226888.26,5065681.12,1009741.36,68012.47,7637274.3,2153341.5,27642.25,769676.61,61395.2,24560221.95
성북구,2016,7448951.17,2729.72,1217442.35,204785.03,4221130.87,1156195.21,59497.66,7681305.37,1756013.83,28753.73,721264.2,62152.81,24560221.95
성북구,2017,8658650.7,1364.86,1137662.06,182681.8,3376580.62,1302649.05,50982.85,7725336.43,1358686.16,29865.2,672851.78,62910.43,24560221.939999998
성북구,2018,9868350.22,0.0,1057881.77,160578.57,2532030.37,1449102.9,42468.03,7769367.5,961358.5,30976.68,624439.37,63668.05,24560221.96
성북구,2019,4719509.93,5459.45,1332331.44,260343.25,5896118.95,870419.92,75660.19,7592858.2,2624029.21,26546.23,1095826.41,61118.77,24560221.95
성북구,2020,4696602.15,5459.45,1324588.41,260189.65,5868612.37,867637.59,75387.89,7622984.08,2618558.29,26546.24,1132537.0,61118.76,24560221.880000003
성북구,2021,4634194.49,5459.45,1282746.17,251927.4,6005686.63,865325.63,75314.14,7592850.99,2700574.99,26504.88,1058582.72,61054.46,24560221.95
성북구,2022,4519330.72,2357.1,1250051.81,293705.63,6045819.41,894124.08,69352.85,7592641.1,2754814.33,27051.67,1050076.02,60897.23,24560221.949999996
성북구,2023,3003482.87,1971.41,1142875.23,276588.32,8036618.17,767562.09,90257.19,7687033.19,2567924.87,26450.03,901625.02,57833.83,24560222.22
성북구,2024,2990198.91,1980.6,1172626.12,280675.04,7943387.81,782493.31,86877.78,7659311.29,2584269.73,26450.03,974117.51,57833.83,24560221.96
송파구,2000,10967976.21,107441.8,3507011.11,1192555.17,2605339.21,4838261.4,2587623.23,1176263.79,1109406.44,656065.13,1006298.09,4072581.01,33826822.589999996
송파구,2001,10966199.04,111292.98,3402654.12,1208871.2,2770588.59,4534343.29,2586888.78,1194444.8,1369770.83,646701.72,999718.64,4035348.87,33826822.86
송파구,2002,10964421.87,115144.16,3298297.13,1225187.22,2935837.97,4230425.18,2586154.34,1212625.81,1630135.21,637338.32,993139.19,3998116.72,33826823.120000005
송파구,2003,10962644.69,118995.34,3193940.14,1241503.25,3101087.35,3926507.07,2585419.89,1230806.82,1890499.6,627974.91,986559.75,3960884.58,33826823.39
송파구,2004,10960867.52,122846.51,3089583.14,1257819.28,3266336.73,3622588.95,2584685.45,1248987.83,2150863.99,618611.5,979980.3,3923652.43,33826823.63
송파구,2005,10959090.35,126697.69,2985226.15,1274135.31,3431586.11,3318670.84,2583951.0,1267168.84,2411228.38,609248.09,973400.85,3886420.29,33826823.9
송파구,2006,10957313.18,130548.87,2880869.16,1290451.34,3596835.49,3014752.73,2583216.55,1285349.86,2671592.76,599884.68,966821.4,3849188.14,33826824.16
송파구,2007,10955536.01,134400.04,2776512.17,1306767.37,3762084.87,2710834.62,2582482.11,1303530.87,2931957.15,590521.27,960241.95,3811956.0,33826824.43
송파구,2008,11029326.92,147496.5,2668713.43,1053859.89,3910187.06,2590121.68,1975887.9,1486159.27,3126001.65,586379.09,1412617.32,3840073.71,33826824.419999994
송파구,2009,11103117.82,160592.96,2560914.7,800952.41,4058289.26,2469408.74,1369293.7,1668787.67,3320046.14,582236.92,1864992.69,3868191.43,33826824.440000005
송파구,2010,10620492.77,129282.31,2946633.91,720473.58,4383956.5,2107735.62,1420089.43,1760017.06,3578315.16,554155.08,1724619.92,3881053.3,33826824.63999999
송파구,2011,10137867.72,97971.65,3332353.12,639994.75,4709623.73,1746062.5,1470885.16,1851246.46,3836584.17,526073.24,1584247.16,3893915.17,33826824.830000006
송파구,2012,9655242.66,66660.99,3718072.32,559515.92,5035290.97,1384389.38,1521680.89,1942475.85,4094853.19,497991.4,1443874.39,3906777.03,33826824.99
송파구,2013,9172617.61,35350.34,4103791.53,479037.09,5360958.21,1022716.26,1572476.62,2033705.24,4353122.21,469909.56,1303501.63,3919638.9,33826825.199999996
송파구,2014,3883034.84,14011.62,2376217.34,580609.45,11545807.89,720311.52,1162123.04,2129620.67,5845793.09,388895.1,1394029.81,3786370.02,33826824.39
송파구,2015,5218644.09,20186.8,2570381.0,573109.04,10048101.4,802193.96,1210670.33,2121554.59,5669961.91,383464.51,1400745.99,3807810.78,33826824.4
송파구,2016,6554253.35,26361.97,2764544.67,565608.63,8550394.91,884076.39,1259217.61,2113488.5,5494130.74,378033.91,1407462.17,3829251.54,33826824.39
송파구,2017,7889862.61,32537.15,2958708.33,558108.21,7052688.41,965958.82,1307764.9,2105422.42,5318299.57,372603.32,1414178.35,3850692.3,33826824.39
송파구,2018,9225471.87,38712.33,3152871.99,550607.8,5554981.92,1047841.26,1356312.18,2097356.33,5142468.4,367172.73,1420894.53,3872133.06,33826824.4
송파구,2019,3889746.45,9312.77,2580257.69,647222.27,12170693.5,753302.65,383385.94,2342701.94,5592980.03,379067.13,1334236.47,3743917.52,33826824.36
송파구,2020,3962223.58,16869.77,2642277.43,643536.81,12236132.51,735146.12,384913.96,1022645.35,5628256.65,385307.2,2424644.46,3744870.0,33826823.84
송파구,2021,3927429.79,9312.77,2581685.95,693769.44,12300265.66,764538.47,370920.56,1064134.89,5813242.6,378902.74,2178255.37,3744366.14,33826824.379999995
송파구,2022,3885353.51,9312.77,2578733.59,691806.59,12329525.67,742151.15,374842.29,1062897.0,5673187.94,378185.82,2362201.3,3738626.44,33826824.07
송파구,2023,2982044.05,6199.87,2264399.25,661878.04,14223996.55,692961.16,508496.22,1032955.58,5388845.47,294832.18,2033805.38,3736410.64,33826824.38999999
송파구,2024,2978746.3,7008.47,2309062.13,681339.37,14169754.18,709049.62,514466.53,1031148.56,5464774.46,287498.71,1957354.95,3716621.12,33826824.4
양천구,2000,9232478.09,101325.99,1907827.52,443541.19,1262420.34,1840517.96,60283.12,2027877.38,329791.34,0.0,125916.08,118316.02,17450295.029999997
양천구,2001,8858668.26,86852.25,1943837.84,443550.25,1531656.31,1798308.46,130039.65,2020571.87,318269.96,186.41,200306.02,118047.76,17450295.040000003
양천구,2002,8484858.43,72378.51,1979848.17,443559.32,1800892.28,1756098.95,199796.18,2013266.37,306748.58,372.82,274695.96,117779.5,17450295.069999997
양천구,2003,8111048.59,57904.76,2015858.49,443568.38,2070128.25,1713889.45,269552.72,2005960.86,295227.2,559.23,349085.9,117511.24,17450295.069999997
양천구,2004,7737238.76,43431.02,2051868.81,443577.44,2339364.21,1671679.94,339309.25,1998655.36,283705.82,745.64,423475.84,117242.98,17450295.069999997
양천구,2005,7363428.93,28957.28,2087879.14,443586.51,2608600.18,1629470.44,409065.78,1991349.85,272184.44,932.05,497865.78,116974.72,17450295.099999998
양천구,2006,6989619.1,14483.54,2123889.46,443595.57,2877836.15,1587260.93,478822.31,1984044.35,260663.06,1118.46,572255.73,116706.45,17450295.11
양천구,2007,6615809.27,9.8,2159899.78,443604.63,3147072.11,1545051.43,548578.84,1976738.84,249141.68,1304.87,646645.67,116438.19,17450295.11
양천구,2008,6566706.79,9.8,2154028.66,419015.61,3147072.05,1750766.11,352765.55,2070855.7,262434.35,652.44,865996.15,124493.62,17714796.83
양천구,2009,6517604.31,9.8,2148157.54,394426.6,3147072.0,1956480.78,156952.26,2164972.55,275727.02,0.0,1085346.62,132549.04,17979298.519999996
양천구,2010,6847915.7,9307.84,2189583.46,349791.15,2944127.81,1655098.76,157706.36,2160004.36,414995.33,0.0,986612.34,131904.56,17847047.669999998
양천구,2011,7178227.09,18605.88,2231009.39,305155.7,2741183.62,1353716.73,158460.46,2155036.17,554263.64,0.0,887878.06,131260.09,17714796.830000002
양천구,2012,7508538.49,27903.92,2272435.31,260520.25,2538239.43,1052334.7,159214.57,2150067.98,693531.95,0.0,789143.78,130615.61,17582545.99
양천구,2013,7838849.88,37201.96,2313861.23,215884.8,2335295.24,750952.67,159968.67,2145099.78,832800.27,0.0,690409.5,129971.14,17450295.14
양천구,2014,3056611.82,15810.0,1325753.6,275068.98,6770967.11,473139.17,157994.59,2107124.57,2191967.15,7720.4,934045.27,134092.48,17450295.140000004
양천구,2015,4148086.54,20943.09,1495935.72,259337.55,5668892.53,536972.67,163754.05,2106042.99,1975189.57,5790.3,935838.55,133511.57,17450295.130000003
양천구,2016,5239561.26,26076.17,1666117.83,243606.11,4566817.95,600806.16,169513.52,2104961.42,1758411.99,3860.2,937631.84,132930.67,17450295.12
양천구,2017,6331035.98,31209.26,1836299.95,227874.67,3464743.37,664639.66,175272.98,2103879.85,1541634.4,1930.1,939425.13,132349.77,17450295.12
양천구,2018,7422510.7,36342.35,2006482.06,212143.24,2362668.79,728473.15,181032.45,2102798.28,1324856.82,0.0,941218.42,131768.87,17450295.130000003
양천구,2019,2904477.94,5360.94,1292806.25,287092.4,6867923.11,479219.32,139020.99,2102469.81,2365734.06,7720.4,865837.41,132632.5,17450295.130000003
양천구,2020,2929087.6,5360.94,1301545.63,302807.14,6882209.33,496581.86,137447.47,2097154.48,2355927.5,7720.4,802254.34,132198.42,17450295.110000003
양천구,2021,2938545.58,5360.94,1297181.32,292211.88,6959314.06,480818.67,138462.98,2094030.87,2411984.65,7720.4,691324.08,133339.69,17450295.12
양천구,2022,2947965.41,5360.94,1293810.7,294747.03,6996724.3,488345.37,133870.16,2085277.68,2463142.04,7720.4,599991.4,133339.69,17450295.12
양천구,2023,2252484.83,6249.01,1077537.93,291632.68,8131589.61,455574.41,114650.09,2069752.39,2383931.0,7605.81,522853.21,136434.15,17450295.12
양천구,2024,2266530.12,6261.0,1083495.34,329734.82,8067088.71,469899.93,112206.86,2060208.4,2374677.87,7605.82,537862.54,134723.72,17450295.13
영등포구,2000,7948375.64,975432.69,4171112.58,1482056.51,2198453.69,1337232.11,0.0,0.0,963833.61,241385.03,226731.9,4961103.99,24505717.75
영등포구,2001,7704955.92,872182.16,4055689.58,1439301.74,2570441.37,1344965.21,0.0,0.0,1041549.71,220024.31,277934.58,4978673.17,24505717.75
영등포구,2002,7461536.21,768931.63,3940266.58,1396546.98,2942429.05,1352698.3,0.0,0.0,1119265.8,198663.6,329137.25,4996242.34,24505717.740000002
영등포구,2003,7218116.5,665681.1,3824843.59,1353792.21,3314416.73,1360431.4,0.0,0.0,1196981.89,177302.88,380339.92,5013811.52,24505717.74
영등포구,2004,6974696.78,562430.57,3709420.59,1311037.44,3686404.41,1368164.5,0.0,0.0,1274697.99,155942.17,431542.6,5031380.7,24505717.75
영등포구,2005,6731277.07,459180.05,3593997.59,1268282.67,4058392.09,1375897.6,0.0,0.0,1352414.08,134581.45,482745.27,5048949.88,24505717.749999996
영등포구,2006,6487857.35,355929.52,3478574.59,1225527.91,4430379.77,1383630.7,0.0,0.0,1430130.18,113220.74,533947.94,5066519.05,24505717.75
영등포구,2007,6244437.64,252678.99,3363151.59,1182773.14,4802367.45,1391363.79,0.0,0.0,1507846.27,91860.03,585150.61,5084088.23,24505717.74
영등포구,2008,6238255.56,252678.97,3363151.61,827107.54,4839302.68,3490158.55,0.0,0.0,1629398.87,59603.22,865009.55,5065788.71,26630455.26
영등포구,2009,6232073.48,252678.95,3363151.63,471441.94,4876237.91,5588953.31,0.0,0.0,1750951.48,27346.41,1144868.49,5047489.2,28755192.799999997
영등포구,2010,6040729.93,285856.29,3698242.96,397089.0,4752419.56,4421738.58,0.0,52884.85,1982218.23,27266.35,985958.73,5048419.56,27692824.040000003
영등포구,2011,5849386.38,319033.64,4033334.29,322736.06,4628601.2,3254523.86,0.0,105769.7,2213484.98,27186.29,827048.98,5049349.92,26630455.299999997
영등포구,2012,5658042.83,352210.98,4368425.62,248383.12,4504782.84,2087309.14,0.0,158654.55,2444751.74,27106.23,668139.22,5050280.28,25568086.55
영등포구,2013,5466699.28,385388.32,4703516.95,174030.18,4380964.48,920094.42,0.0,211539.4,2676018.49,27026.16,509229.47,5051210.64,24505717.790000003
영등포구,2014,2691640.77,92249.63,2837811.43,212733.73,8634193.69,565059.82,8672.24,213271.1,3571614.98,99061.56,623274.17,4956134.62,24505717.740000002
영등포구,2015,3442662.53,97654.19,3237830.31,202533.92,7615695.85,632191.81,6504.18,214664.29,3384909.74,91862.89,612712.88,4966495.15,24505717.740000002
영등포구,2016,4193684.29,103058.74,3637849.19,192334.11,6597198.01,699323.8,4336.12,216057.49,3198204.5,84664.22,602151.59,4976855.69,24505717.75
영등포구,2017,4944706.05,108463.3,4037868.07,182134.29,5578700.18,766455.79,2168.06,217450.68,3011499.25,77465.56,591590.3,4987216.23,24505717.76
영등포구,2018,5695727.81,113867.85,4437886.94,171934.48,4560202.34,833587.78,0.0,218843.87,2824794.01,70266.89,581029.01,4997576.76,24505717.740000002
영등포구,2019,2355793.12,92193.14,2760560.16,218437.7,8647158.42,555211.34,8238.3,213271.98,3672770.0,98862.65,928825.08,4954395.86,24505717.749999996
영등포구,2020,2356554.24,92638.23,2749769.54,229130.85,8620047.92,550527.39,9101.58,213271.98,3644713.94,99075.67,985168.31,4955718.14,24505717.790000003
영등포구,2021,2358956.71,89880.3,2739569.2,252810.38,8699214.41,562889.87,8238.3,213271.98,3735180.72,99134.08,791445.98,4955125.81,24505717.74
영등포구,2022,2358956.71,89880.3,2736977.07,252810.38,8673911.48,507529.94,8238.3,390372.58,3656167.48,99134.08,788584.93,4943154.51,24505717.759999998
영등포구,2023,1795122.75,122631.06,2285540.09,256438.35,10087843.4,407461.75,13625.2,336931.86,3520546.3,97441.34,644668.6,4937467.04,24505717.74
영등포구,2024,1795903.28,126155.17,2333112.56,295826.87,9925726.67,422910.27,13556.89,334995.3,3534154.42,93436.02,686832.54,4943107.76,24505717.75
용산구,2000,7925006.8,0.0,1306295.39,775659.33,1538559.14,4545669.87,0.0,1360061.83,401402.99,0.0,382762.64,3640905.35,21876323.34
용산구,2001,7825570.81,0.0,1333185.07,748305.96,1868950.17,4223587.17,2778.44,1358345.78,479561.09,0.0,383087.95,3652950.89,21876323.33
용산구,2002,7726134.82,0.0,1360074.75,720952.59,2199341.2,3901504.47,5556.89,1356629.73,557719.2,0.0,383413.25,3664996.42,21876323.32
용산구,2003,7626698.82,0.0,1386964.43,693599.22,2529732.23,3579421.77,8335.33,1354913.68,635877.3,0.0,383738.56,3677041.96,21876323.3
용산구,2004,7527262.83,0.0,1413854.11,666245.85,2860123.26,3257339.07,11113.78,1353197.64,714035.4,0.0,384063.86,3689087.49,21876323.29
용산구,2005,7427826.84,0.0,1440743.79,638892.49,3190514.29,2935256.38,13892.22,1351481.59,792193.5,0.0,384389.17,3701133.03,21876323.300000004
용산구,2006,7328390.84,0.0,1467633.46,611539.12,3520905.32,2613173.68,16670.67,1349765.54,870351.61,0.0,384714.47,3713178.56,21876323.269999996
용산구,2007,7228954.85,0.0,1494523.14,584185.75,3851296.35,2291090.98,19449.11,1348049.49,948509.71,0.0,385039.78,3725224.1,21876323.26
용산구,2008,7186085.37,0.0,1472748.59,567011.83,3845536.53,3944036.18,11018.25,1374886.19,944857.83,0.0,512365.4,3711561.29,23570107.459999997
용산구,2009,7143215.89,0.0,1450974.03,549837.91,3839776.71,5596981.38,2587.39,1401722.9,941205.95,0.0,639691.02,3697898.48,25263891.659999996
용산구,2010,6752332.51,0.0,1729310.94,485275.51,3621763.14,4366462.64,2809.39,2166016.06,1019649.91,0.0,580193.02,3693186.45,24416999.569999997
용산구,2011,6361449.13,0.0,2007647.85,420713.11,3403749.56,3135943.9,3031.39,2930309.22,1098093.87,0.0,520695.02,3688474.42,23570107.47
용산구,2012,5970565.75,0.0,2285984.75,356150.72,3185735.99,1905425.16,3253.38,3694602.38,1176537.83,0.0,461197.01,3683762.39,22723215.360000003
용산구,2013,5579682.37,0.0,2564321.66,291588.32,2967722.42,674906.42,3475.38,4458895.54,1254981.8,0.0,401699.01,3679050.35,21876323.270000003
용산구,2014,2935345.07,2685.61,1625347.5,217727.94,5439173.49,405505.22,20592.67,4661445.4,2162319.04,1043.93,674628.8,3730508.71,21876323.380000003
용산구,2015,3576861.28,2014.21,1746820.31,236525.06,4846564.51,457112.99,18991.85,4614560.01,1993874.1,782.95,649154.65,3733061.47,21876323.389999997
용산구,2016,4218377.48,1342.8,1868293.12,255322.18,4253955.52,508720.75,17391.03,4567674.62,1825429.15,521.96,623680.5,3735614.23,21876323.34
용산구,2017,4859893.68,671.4,1989765.94,274119.31,3661346.54,560328.52,15790.21,4520789.23,1656984.21,260.98,598206.35,3738167.0,21876323.37
용산구,2018,5501409.89,0.0,2111238.75,292916.43,3068737.55,611936.29,14189.39,4473903.84,1488539.26,0.0,572732.2,3740719.76,21876323.36
용산구,2019,2896636.42,2685.61,1526414.82,229434.48,5332380.56,401102.56,19321.67,4662279.64,2499100.86,1043.93,577118.81,3728804.01,21876323.369999997
용산구,2020,2919507.45,2685.61,1527889.88,235328.97,5307057.36,395606.29,21403.87,4667860.57,2535146.03,806.9,534381.13,3728649.09,21876323.149999995
용산구,2021,2933605.37,2685.6,1483524.08,227363.22,5294438.98,389072.16,20389.83,4610157.54,2627101.01,1043.93,556437.88,3730503.76,21876323.36
용산구,2022,2930140.86,2685.6,1499771.33,228258.88,5288509.79,383329.62,20073.58,4659066.75,2699127.2,1043.93,433812.04,3730503.76,21876323.339999996
용산구,2023,1941914.42,12278.9,1200493.29,225812.55,6888547.21,287970.17,15053.72,4646491.26,2522847.81,976.25,437752.91,3696185.12,21876323.61
용산구,2024,1948871.07,12346.01,1266157.99,252916.95,6677332.19,294315.19,14600.88,4644501.08,2251911.79,976.25,789416.25,3722977.72,21876323.37
은평구,2000,11983304.42,140495.14,501866.34,0.0,953193.58,1132610.89,1467831.84,9902555.47,60478.66,60026.82,3521178.91,50348.37,29773890.44
은평구,2001,11678148.06,154775.06,550607.48,8469.84,1144517.39,1125856.66,1352302.93,10384718.89,91135.95,51960.21,3168401.46,62996.5,29773890.430000003
은평구,2002,11372991.69,169054.98,599348.62,16939.67,1335841.2,1119102.43,1236774.01,10866882.32,121793.24,43893.61,2815624.01,75644.63,29773890.409999993
은평구,2003,11067835.33,183334.9,648089.76,25409.51,1527165.0,1112348.2,1121245.1,11349045.75,152450.52,35827.01,2462846.57,88292.76,29773890.41
은평구,2004,10762678.97,197614.82,696830.89,33879.34,1718488.81,1105593.97,1005716.18,11831209.17,183107.81,27760.4,2110069.12,100940.89,29773890.37
은평구,2005,10457522.6,211894.74,745572.03,42349.18,1909812.62,1098839.74,890187.27,12313372.6,213765.1,19693.8,1757291.67,113589.02,29773890.37
은평구,2006,10152366.24,226174.66,794313.17,50819.01,2101136.43,1092085.51,774658.36,12795536.02,244422.39,11627.19,1404514.23,126237.15,29773890.36
은평구,2007,9847209.88,240454.58,843054.31,59288.85,2292460.24,1085331.28,659129.44,13277699.45,275079.68,3560.59,1051736.78,138885.28,29773890.360000003
은평구,2008,9464888.65,120236.94,801344.41,47205.08,2295438.36,1980530.9,546247.28,13310460.56,265115.12,3560.59,1733635.5,141628.45,30710291.84
은평구,2009,9082567.43,19.29,759634.51,35121.32,2298416.48,2875730.52,433365.12,13343221.68,255150.56,3560.59,2415534.23,144371.61,31646693.339999996
은평구,2010,9241066.5,14.47,944011.1,38712.05,2209270.65,2364321.11,396369.77,12968667.15,299324.74,2670.45,2566517.45,147547.15,31178492.589999996
은평구,2011,9399565.57,9.64,1128387.68,42302.78,2120124.82,1852911.7,359374.42,12594112.63,343498.91,1780.3,2717500.68,150722.68,30710291.810000002
은평구,2012,9558064.64,4.82,1312764.27,45893.51,2030978.99,1341502.28,322379.06,12219558.11,387673.09,890.15,2868483.91,153898.22,30242091.049999997
은평구,2013,9716563.72,0.0,1497140.85,49484.25,1941833.16,830092.87,285383.71,11845003.59,431847.26,0.0,3019467.14,157073.75,29773890.3
은평구,2014,5202568.68,2963.3,1272280.78,132789.45,5573980.06,569928.9,366764.48,11683018.92,1600713.86,84804.77,3199294.59,84782.55,29773890.34
은평구,2015,6246031.49,2222.48,1244080.95,116529.61,4678903.07,615116.96,365977.65,11717339.25,1400805.75,82713.06,3213339.87,90830.22,29773890.36
은평구,2016,7289494.3,1481.65,1215881.11,100269.77,3783826.09,660305.01,365190.81,11751659.58,1200897.63,80621.35,3227385.16,96877.88,29773890.34
은평구,2017,8332957.11,740.83,1187681.28,84009.93,2888749.1,705493.07,364403.97,11785979.9,1000989.52,78529.64,3241430.45,102925.55,29773890.35
은평구,2018,9376419.92,0.0,1159481.44,67750.1,1993672.11,750681.13,363617.14,11820300.23,801081.41,76437.93,3255475.74,108973.21,29773890.36
은평구,2019,4904097.54,2963.3,1325338.24,159168.71,5644055.87,580211.34,355719.96,11627771.96,2016604.71,80589.48,2997275.6,80093.64,29773890.350000005
은평구,2020,4896075.5,3628.19,1321776.45,173655.25,5644176.69,582934.15,358580.99,11624071.4,1972390.76,85627.74,3027386.25,83586.99,29773890.360000003
은평구,2021,4830169.28,2963.3,1286310.2,195572.01,5739958.66,590298.8,328331.68,11649221.27,2152887.18,80589.48,2836921.98,80666.5,29773890.34
은평구,2022,4840756.46,2963.3,1296976.31,195200.33,5741012.9,590298.8,329508.27,11607749.08,2177586.66,80097.53,2830582.27,81158.45,29773890.360000003
은평구,2023,3323882.04,3887.39,1067233.16,197907.95,7780329.42,469869.05,405848.22,11515192.91,2071570.82,79858.47,2778003.62,80307.3,29773890.35
은평구,2024,3321868.9,3946.33,1072434.24,211844.07,7776227.82,480218.42,397728.6,11507296.57,2129892.62,79730.56,2712394.93,80307.29,29773890.349999998
종로구,2000,7435943.94,0.0,2123182.09,422226.66,780595.1,2177645.49,0.0,8373873.15,275642.22,0.0,2375257.09,8475.06,23972840.799999997
종로구,2001,7239181.88,0.0,2131075.41,413710.01,934754.82,2173922.95,0.0,8650640.8,290760.04,0.0,2121469.82,17325.06,23972840.79
종로구,2002,7042419.83,0.0,2138968.74,405193.36,1088914.54,2170200.41,0.0,8927408.44,305877.86,0.0,1867682.54,26175.05,23972840.77
종로구,2003,6845657.77,0.0,2146862.07,396676.72,1243074.26,2166477.88,0.0,9204176.08,320995.68,0.0,1613895.26,35025.05,23972840.770000003
종로구,2004,6648895.72,0.0,2154755.39,388160.07,1397233.98,2162755.34,0.0,9480943.73,336113.49,0.0,1360107.98,43875.05,23972840.75
종로구,2005,6452133.66,0.0,2162648.72,379643.42,1551393.7,2159032.8,0.0,9757711.37,351231.31,0.0,1106320.7,52725.05,23972840.73
종로구,2006,6255371.61,0.0,2170542.04,371126.77,1705553.42,2155310.26,0.0,10034479.01,366349.13,0.0,852533.43,61575.05,23972840.72
종로구,2007,6058609.56,0.0,2178435.37,362610.12,1859713.14,2151587.73,0.0,10311246.66,381466.95,0.0,598746.15,70425.04,23972840.719999995
종로구,2008,5994944.45,0.0,2191039.09,323800.91,1860502.72,2748412.58,0.0,10458118.35,477900.84,0.0,587950.64,69462.3,24712131.880000003
종로구,2009,5931279.35,0.0,2203642.81,284991.69,1861292.3,3345237.43,0.0,10604990.05,574334.74,0.0,577155.14,68499.55,25451423.060000002
종로구,2010,5833768.07,0.0,2301546.2,336543.33,1786081.01,2888806.48,6133.63,10522771.29,614752.15,0.0,720672.91,70702.42,25081777.49
종로구,2011,5736256.79,0.0,2399449.58,388094.97,1710869.72,2432375.53,12267.25,10440552.53,655169.56,0.0,864190.68,72905.29,24712131.899999995
종로구,2012,5638745.5,0.0,2497352.97,439646.61,1635658.43,1975944.58,18400.88,10358333.77,695586.97,0.0,1007708.45,75108.17,24342486.330000002
종로구,2013,5541234.22,0.0,2595256.36,491198.25,1560447.13,1519513.63,24534.5,10276115.01,736004.38,0.0,1151226.22,77311.04,23972840.74
종로구,2014,2707124.24,4148.06,1805893.5,295994.5,4222276.64,589240.07,91982.42,10421935.24,2027381.21,20009.21,1717136.42,69719.29,23972840.800000004
종로구,2015,3385341.23,3111.05,1960353.27,327167.14,3562732.15,696817.29,85324.63,10450130.44,1747962.22,19078.87,1656214.55,78607.98,23972840.82
종로구,2016,4063558.22,2074.03,2114813.03,358339.79,2903187.65,804394.52,78666.84,10478325.63,1468543.23,18148.52,1595292.67,87496.67,23972840.800000004
종로구,2017,4741775.2,1037.02,2269272.79,389512.43,2243643.16,911971.74,72009.05,10506520.83,1189124.24,17218.18,1534370.8,96385.36,23972840.799999997
종로구,2018,5419992.19,0.0,2423732.55,420685.08,1584098.67,1019548.97,65351.26,10534716.03,909705.25,16287.83,1473448.92,105274.05,23972840.8
종로구,2019,2706338.57,4148.06,1805732.9,295746.43,4217873.65,589819.65,91982.41,10426305.11,2026803.45,20009.23,1718319.95,69761.4,23972840.81
종로구,2020,2705848.6,4148.06,1808415.08,293055.42,4217916.04,589825.43,91982.42,10410557.23,2029199.64,20079.37,1732052.09,69761.38,23972840.76
종로구,2021,2707226.11,4148.06,1807517.26,294955.88,4195528.85,588083.12,91831.94,10458292.06,2015650.35,20009.22,1719836.55,69761.4,23972840.8
종로구,2022,2678106.21,4148.06,1783097.41,315698.99,4220841.14,588338.58,85516.44,10417907.48,2160550.44,20009.22,1629162.27,69464.53,23972840.77
종로구,2023,1782309.33,1195.9,1617503.35,294608.44,5759468.95,482276.49,77478.19,10221943.71,2036689.76,19182.52,1613364.34,66820.19,23972841.17
종로구,2024,1786469.12,1195.9,1610127.62,304735.36,5684394.41,485411.07,76293.07,10255288.52,2026751.81,19171.76,1655075.12,67927.06,23972840.82
중구,2000,3342511.93,0.0,2749897.2,31421.07,889740.74,1586319.38,0.0,1262129.9,9209.32,0.0,111239.21,0.0,9982468.750000002
중구,2001,3111924.48,1786.9,2763779.79,52908.87,1041826.36,1611312.52,0.0,1246108.93,30808.67,0.0,120197.48,1814.74,9982468.74
중구,2002,2881337.03,3573.79,2777662.38,74396.67,1193911.98,1636305.66,0.0,1230087.97,52408.02,0.0,129155.75,3629.47,9982468.72
중구,2003,2650749.58,5360.69,2791544.96,95884.47,1345997.6,1661298.81,0.0,1214067.01,74007.37,0.0,138114.02,5444.21,9982468.72
중구,2004,2420162.13,7147.58,2805427.55,117372.26,1498083.22,1686291.95,0.0,1198046.04,95606.73,0.0,147072.29,7258.94,9982468.69
중구,2005,2189574.68,8934.48,2819310.13,138860.06,1650168.85,1711285.1,0.0,1182025.08,117206.08,0.0,156030.55,9073.68,9982468.69
중구,2006,1958987.23,10721.37,2833192.72,160347.86,1802254.47,1736278.24,0.0,1166004.12,138805.43,0.0,164988.82,10888.42,9982468.680000002
중구,2007,1728399.78,12508.27,2847075.31,181835.66,1954340.09,1761271.39,0.0,1149983.15,160404.78,0.0,173947.09,12703.15,9982468.67
중구,2008,1740766.91,19952.08,2835453.01,144361.08,1930229.52,2320255.89,0.0,1138301.59,204676.75,0.0,204781.29,16881.41,10555659.53
중구,2009,1753134.04,27395.9,2823830.72,106886.51,1906118.95,2879240.39,0.0,1126620.03,248948.72,0.0,235615.49,21059.67,11128850.42
중구,2010,1719070.15,27198.34,3091561.32,122902.19,1850504.66,2301747.78,0.0,1134670.52,315909.18,0.0,256218.03,22472.79,10842254.959999997
중구,2011,1685006.26,27000.79,3359291.92,138917.88,1794890.37,1724255.16,0.0,1142721.01,382869.63,0.0,276820.57,23885.91,10555659.5
중구,2012,1650942.37,26803.23,3627022.53,154933.56,1739276.08,1146762.54,0.0,1150771.5,449830.09,0.0,297423.11,25299.03,10269064.039999997
중구,2013,1616878.47,26605.67,3894753.13,170949.24,1683661.79,569269.93,0.0,1158821.99,516790.55,0.0,318025.64,26712.15,9982468.56
중구,2014,1047627.11,570.63,2359829.88,193057.44,3609893.56,338362.89,3570.35,1145361.37,844549.6,466.44,424294.58,14884.88,9982468.73
중구,2015,1235101.36,2026.77,2645056.72,197219.72,3128707.32,396091.52,2677.77,1160686.83,772571.09,349.83,423459.95,18519.86,9982468.739999998
중구,2016,1422575.61,3482.91,2930283.57,201382.01,2647521.08,453820.15,1785.18,1176012.3,700592.58,233.22,422625.31,22154.83,9982468.750000002
중구,2017,1610049.86,4939.05,3215510.42,205544.29,2166334.84,511548.77,892.59,1191337.76,628614.07,116.61,421790.68,25789.81,9982468.75
중구,2018,1797524.11,6395.18,3500737.26,209706.57,1685148.6,569277.4,0.0,1206663.22,556635.56,0.0,420956.05,29424.78,9982468.730000002
중구,2019,1026829.32,570.63,2352772.05,207830.55,3644135.28,336484.11,3570.35,1165126.94,910421.62,466.43,319354.22,14907.24,9982468.74
중구,2020,1024668.45,570.63,2375346.65,207830.56,3643946.62,334385.55,3570.36,1162270.08,904283.3,466.43,310512.35,14618.02,9982469.0
중구,2021,1014834.67,570.63,2372269.6,190610.33,3647728.95,339988.11,3570.35,1157099.28,923358.93,466.43,317064.2,14907.25,9982468.729999999
중구,2022,1009660.32,570.62,2341796.94,196507.21,3655555.55,358151.31,3383.61,1158494.54,958675.75,466.43,284588.36,14618.1,9982468.739999998
중구,2023,695023.16,228.23,2003339.62,157251.29,4592647.48,258110.75,5294.74,1137533.78,881082.89,466.43,237016.14,14474.34,9982468.850000001
중구,2024,689092.51,228.23,2019013.69,150569.58,4463709.77,288067.08,5294.74,1134589.02,881626.79,466.42,335451.56,14359.33,9982468.72
중랑구,2000,8085531.14,67718.44,858147.83,77094.34,1315093.45,1186679.03,1443525.38,3399613.74,1201412.21,0.0,622189.2,266172.58,18523177.339999996
중랑구,2001,7762906.35,71929.77,945629.45,66080.86,1436934.36,1210971.56,1390357.41,3413336.0,1323942.19,0.0,636580.73,264508.64,18523177.32
중랑구,2002,7440281.55,76141.11,1033111.06,55067.38,1558775.28,1235264.08,1337189.45,3427058.27,1446472.18,0.0,650972.27,262844.71,18523177.34
중랑구,2003,7117656.75,80352.45,1120592.67,44053.91,1680616.19,1259556.61,1284021.49,3440780.54,1569002.16,0.0,665363.8,261180.77,18523177.34
중랑구,2004,6795031.95,84563.79,1208074.28,33040.43,1802457.11,1283849.14,1230853.53,3454502.81,1691532.15,0.0,679755.34,259516.83,18523177.36
중랑구,2005,6472407.15,88775.13,1295555.89,22026.95,1924298.02,1308141.66,1177685.57,3468225.07,1814062.13,0.0,694146.87,257852.89,18523177.330000002
중랑구,2006,6149782.35,92986.46,1383037.5,11013.48,2046138.94,1332434.19,1124517.61,3481947.34,1936592.11,0.0,708538.41,256188.95,18523177.34
중랑구,2007,5827157.55,97197.8,1470519.11,0.0,2167979.85,1356726.71,1071349.65,3495669.61,2059122.1,0.0,722929.94,254525.01,18523177.330000002
중랑구,2008,5930023.13,103973.68,1487987.25,0.0,2241406.74,1331557.53,1041785.38,4021039.92,1321869.51,0.0,789869.68,253664.5,18523177.32
중랑구,2009,6032888.71,110749.55,1505455.39,0.0,2314833.63,1306388.35,1012221.11,4546410.23,584616.93,0.0,856809.43,252804.0,18523177.33
중랑구,2010,6012790.0,85601.38,1670041.62,70087.53,2369272.43,1112767.46,994586.9,4315967.27,856776.74,0.0,784753.11,250532.9,18523177.34
중랑구,2011,5992691.29,60453.2,1834627.84,140175.07,2423711.24,919146.57,976952.68,4085524.31,1128936.56,0.0,712696.8,248261.81,18523177.37
중랑구,2012,5972592.57,35305.02,1999214.07,210262.6,2478150.05,725525.68,959318.47,3855081.35,1401096.37,0.0,640640.48,245990.72,18523177.38
중랑구,2013,5952493.86,10156.84,2163800.3,280350.14,2532588.85,531904.78,941684.25,3624638.38,1673256.18,0.0,568584.17,243719.63,18523177.38
중랑구,2014,3447352.95,20460.49,1481614.37,174526.14,5308050.61,455933.43,452142.23,3647959.3,2142862.45,32976.81,1127390.39,231908.21,18523177.38
중랑구,2015,4156612.14,16469.5,1502008.34,185322.54,4666905.2,468711.83,467398.75,3633550.77,2040314.21,32051.99,1111492.45,242339.64,18523177.36
중랑구,2016,4865871.33,12478.51,1522402.31,196118.94,4025759.79,481490.24,482655.28,3619142.24,1937765.97,31127.17,1095594.51,252771.08,18523177.37
중랑구,2017,5575130.51,8487.52,1542796.28,206915.34,3384614.38,494268.64,497911.81,3604733.7,1835217.73,30202.35,1079696.56,263202.52,18523177.34
중랑구,2018,6284389.7,4496.53,1563190.25,217711.74,2743468.97,507047.04,513168.34,3590325.17,1732669.49,29277.53,1063798.62,273633.96,18523177.340000004
중랑구,2019,3367791.59,18019.33,1466616.38,182600.52,5388195.26,469515.7,336612.52,3493111.01,2422465.18,32976.81,1113369.67,231903.37,18523177.34
중랑구,2020,3382184.19,16704.92,1467663.64,190851.29,5338883.97,466768.12,312809.46,3492846.68,2381636.97,32976.81,1208071.23,231780.05,18523177.33
중랑구,2021,3348440.03,16543.0,1445126.35,202980.96,5441158.0,469375.71,302578.79,3506457.06,2368118.43,32976.81,1157518.83,231903.37,18523177.34
중랑구,2022,3364992.63,16270.75,1453530.72,238198.39,5562090.21,485092.04,284667.61,3373530.11,2528309.81,32976.81,951422.34,232095.93,18523177.349999994
중랑구,2023,2279197.87,7716.59,1099398.94,231946.43,7326628.96,379861.6,320079.64,3467105.53,2367360.89,29500.86,782694.51,231685.53,18523177.35
중랑구,2024,2284901.65,7794.97,1124677.2,243564.86,7291850.29,388437.28,317018.07,3464761.81,2390708.28,29500.85,748276.53,231685.55,18523177.340000004
